product_id,operation_seq,department,machine_id,proc_time_min
TYRE_0000,1,MIX,MIX_M1,10
TYRE_0000,2,CAL,CAL_M3,22
TYRE_0000,3,EXT,EXT_M2,19
TYRE_0000,4,BLD,BLD_M6,23
TYRE_0000,5,CUR,CUR_M2,77
TYRE_0000,6,FIN,FIN_M4,11
TYRE_0000,7,INS,INS_M1,12
TYRE_0001,1,MIX,MIX_M2,17
TYRE_0001,2,CAL,CAL_M1,32
TYRE_0001,3,CAL,CAL_M2,37
TYRE_0001,4,EXT,EXT_M5,28
TYRE_0001,5,EXT,EXT_M2,29
TYRE_0001,6,BLD,BLD_M5,28
TYRE_0001,7,CUR,CUR_M1,88
TYRE_0001,8,CUR,CUR_M3,84
TYRE_0001,9,FIN,FIN_M4,20
TYRE_0001,10,INS,INS_M2,14
TYRE_0002,1,MIX,MIX_M2,20
TYRE_0002,2,CAL,CAL_M1,17
TYRE_0002,3,EXT,EXT_M4,18
TYRE_0002,4,EXT,EXT_M3,42
TYRE_0002,5,BLD,BLD_M3,39
TYRE_0002,6,CUR,CUR_M5,42
TYRE_0002,7,FIN,FIN_M4,27
TYRE_0002,8,INS,INS_M1,22
TYRE_0003,1,MIX,MIX_M1,27
TYRE_0003,2,CAL,CAL_M3,41
TYRE_0003,3,EXT,EXT_M5,43
TYRE_0003,4,BLD,BLD_M3,38
TYRE_0003,5,CUR,CUR_M4,85
TYRE_0003,6,FIN,FIN_M1,11
TYRE_0003,7,INS,INS_M3,17
TYRE_0004,1,MIX,MIX_M3,12
TYRE_0004,2,CAL,CAL_M2,42
TYRE_0004,3,EXT,EXT_M1,27
TYRE_0004,4,BLD,BLD_M3,34
TYRE_0004,5,CUR,CUR_M6,50
TYRE_0004,6,FIN,FIN_M3,21
TYRE_0004,7,INS,INS_M1,18
TYRE_0005,1,MIX,MIX_M1,29
TYRE_0005,2,CAL,CAL_M2,32
TYRE_0005,3,EXT,EXT_M2,20
TYRE_0005,4,BLD,BLD_M4,32
TYRE_0005,5,CUR,CUR_M5,80
TYRE_0005,6,FIN,FIN_M2,20
TYRE_0005,7,INS,INS_M1,17
TYRE_0006,1,MIX,MIX_M1,20
TYRE_0006,2,CAL,CAL_M4,23
TYRE_0006,3,EXT,EXT_M1,21
TYRE_0006,4,BLD,BLD_M5,48
TYRE_0006,5,CUR,CUR_M6,53
TYRE_0006,6,FIN,FIN_M4,22
TYRE_0006,7,INS,INS_M3,24
TYRE_0007,1,MIX,MIX_M2,18
TYRE_0007,2,CAL,CAL_M2,22
TYRE_0007,3,EXT,EXT_M5,32
TYRE_0007,4,EXT,EXT_M3,38
TYRE_0007,5,BLD,BLD_M5,33
TYRE_0007,6,CUR,CUR_M7,63
TYRE_0007,7,FIN,FIN_M2,14
TYRE_0007,8,INS,INS_M3,25
TYRE_0008,1,MIX,MIX_M1,11
TYRE_0008,2,CAL,CAL_M1,19
TYRE_0008,3,EXT,EXT_M2,40
TYRE_0008,4,EXT,EXT_M4,34
TYRE_0008,5,BLD,BLD_M1,32
TYRE_0008,6,CUR,CUR_M7,78
TYRE_0008,7,FIN,FIN_M4,26
TYRE_0008,8,INS,INS_M2,27
TYRE_0009,1,MIX,MIX_M1,13
TYRE_0009,2,CAL,CAL_M3,39
TYRE_0009,3,EXT,EXT_M3,18
TYRE_0009,4,EXT,EXT_M3,28
TYRE_0009,5,BLD,BLD_M2,34
TYRE_0009,6,CUR,CUR_M1,86
TYRE_0009,7,FIN,FIN_M3,26
TYRE_0009,8,INS,INS_M1,26
TYRE_0010,1,MIX,MIX_M1,30
TYRE_0010,2,CAL,CAL_M3,41
TYRE_0010,3,EXT,EXT_M5,34
TYRE_0010,4,BLD,BLD_M2,24
TYRE_0010,5,CUR,CUR_M6,88
TYRE_0010,6,FIN,FIN_M2,27
TYRE_0010,7,INS,INS_M3,10
TYRE_0011,1,MIX,MIX_M3,25
TYRE_0011,2,CAL,CAL_M1,18
TYRE_0011,3,CAL,CAL_M3,43
TYRE_0011,4,EXT,EXT_M3,22
TYRE_0011,5,EXT,EXT_M1,22
TYRE_0011,6,BLD,BLD_M5,50
TYRE_0011,7,CUR,CUR_M2,45
TYRE_0011,8,CUR,CUR_M8,44
TYRE_0011,9,FIN,FIN_M2,14
TYRE_0011,10,INS,INS_M3,25
TYRE_0012,1,MIX,MIX_M2,18
TYRE_0012,2,CAL,CAL_M4,45
TYRE_0012,3,EXT,EXT_M2,44
TYRE_0012,4,EXT,EXT_M5,39
TYRE_0012,5,BLD,BLD_M6,42
TYRE_0012,6,CUR,CUR_M4,85
TYRE_0012,7,FIN,FIN_M3,22
TYRE_0012,8,INS,INS_M3,30
TYRE_0013,1,MIX,MIX_M3,24
TYRE_0013,2,CAL,CAL_M4,18
TYRE_0013,3,EXT,EXT_M2,22
TYRE_0013,4,BLD,BLD_M1,30
TYRE_0013,5,CUR,CUR_M1,77
TYRE_0013,6,FIN,FIN_M2,28
TYRE_0013,7,INS,INS_M1,10
TYRE_0014,1,MIX,MIX_M1,30
TYRE_0014,2,CAL,CAL_M1,22
TYRE_0014,3,EXT,EXT_M1,43
TYRE_0014,4,BLD,BLD_M1,47
TYRE_0014,5,CUR,CUR_M6,44
TYRE_0014,6,FIN,FIN_M2,18
TYRE_0014,7,INS,INS_M3,25
TYRE_0015,1,MIX,MIX_M2,27
TYRE_0015,2,CAL,CAL_M2,38
TYRE_0015,3,EXT,EXT_M5,33
TYRE_0015,4,BLD,BLD_M4,27
TYRE_0015,5,CUR,CUR_M8,66
TYRE_0015,6,FIN,FIN_M2,13
TYRE_0015,7,INS,INS_M1,23
TYRE_0016,1,MIX,MIX_M3,23
TYRE_0016,2,CAL,CAL_M4,29
TYRE_0016,3,EXT,EXT_M1,36
TYRE_0016,4,BLD,BLD_M6,40
TYRE_0016,5,CUR,CUR_M2,43
TYRE_0016,6,FIN,FIN_M4,20
TYRE_0016,7,INS,INS_M1,17
TYRE_0017,1,MIX,MIX_M2,16
TYRE_0017,2,CAL,CAL_M4,19
TYRE_0017,3,EXT,EXT_M4,20
TYRE_0017,4,BLD,BLD_M3,34
TYRE_0017,5,CUR,CUR_M4,44
TYRE_0017,6,FIN,FIN_M4,27
TYRE_0017,7,INS,INS_M1,11
TYRE_0018,1,MIX,MIX_M1,12
TYRE_0018,2,CAL,CAL_M2,20
TYRE_0018,3,EXT,EXT_M4,30
TYRE_0018,4,BLD,BLD_M4,26
TYRE_0018,5,CUR,CUR_M7,43
TYRE_0018,6,FIN,FIN_M2,22
TYRE_0018,7,INS,INS_M1,22
TYRE_0019,1,MIX,MIX_M3,24
TYRE_0019,2,CAL,CAL_M3,28
TYRE_0019,3,EXT,EXT_M5,36
TYRE_0019,4,BLD,BLD_M6,35
TYRE_0019,5,CUR,CUR_M3,52
TYRE_0019,6,FIN,FIN_M3,16
TYRE_0019,7,INS,INS_M1,28
TYRE_0020,1,MIX,MIX_M1,20
TYRE_0020,2,CAL,CAL_M1,16
TYRE_0020,3,EXT,EXT_M5,30
TYRE_0020,4,EXT,EXT_M5,44
TYRE_0020,5,BLD,BLD_M5,25
TYRE_0020,6,CUR,CUR_M1,72
TYRE_0020,7,FIN,FIN_M1,15
TYRE_0020,8,INS,INS_M1,29
TYRE_0021,1,MIX,MIX_M1,17
TYRE_0021,2,CAL,CAL_M4,18
TYRE_0021,3,EXT,EXT_M5,22
TYRE_0021,4,BLD,BLD_M5,39
TYRE_0021,5,CUR,CUR_M1,79
TYRE_0021,6,FIN,FIN_M1,23
TYRE_0021,7,INS,INS_M3,28
TYRE_0022,1,MIX,MIX_M3,18
TYRE_0022,2,CAL,CAL_M2,36
TYRE_0022,3,EXT,EXT_M3,22
TYRE_0022,4,BLD,BLD_M3,32
TYRE_0022,5,CUR,CUR_M3,82
TYRE_0022,6,FIN,FIN_M3,24
TYRE_0022,7,INS,INS_M2,12
TYRE_0023,1,MIX,MIX_M1,24
TYRE_0023,2,CAL,CAL_M1,17
TYRE_0023,3,EXT,EXT_M5,21
TYRE_0023,4,BLD,BLD_M5,28
TYRE_0023,5,CUR,CUR_M3,62
TYRE_0023,6,FIN,FIN_M1,17
TYRE_0023,7,INS,INS_M2,19
TYRE_0024,1,MIX,MIX_M2,24
TYRE_0024,2,CAL,CAL_M3,34
TYRE_0024,3,EXT,EXT_M5,15
TYRE_0024,4,BLD,BLD_M6,46
TYRE_0024,5,CUR,CUR_M5,82
TYRE_0024,6,FIN,FIN_M1,14
TYRE_0024,7,INS,INS_M2,13
TYRE_0025,1,MIX,MIX_M1,27
TYRE_0025,2,CAL,CAL_M2,23
TYRE_0025,3,EXT,EXT_M3,34
TYRE_0025,4,EXT,EXT_M2,37
TYRE_0025,5,BLD,BLD_M3,26
TYRE_0025,6,CUR,CUR_M5,72
TYRE_0025,7,FIN,FIN_M4,18
TYRE_0025,8,INS,INS_M1,12
TYRE_0026,1,MIX,MIX_M4,18
TYRE_0026,2,CAL,CAL_M1,15
TYRE_0026,3,EXT,EXT_M3,39
TYRE_0026,4,BLD,BLD_M2,40
TYRE_0026,5,CUR,CUR_M5,50
TYRE_0026,6,FIN,FIN_M4,27
TYRE_0026,7,INS,INS_M3,23
TYRE_0027,1,MIX,MIX_M1,13
TYRE_0027,2,CAL,CAL_M1,45
TYRE_0027,3,EXT,EXT_M2,32
TYRE_0027,4,BLD,BLD_M1,46
TYRE_0027,5,CUR,CUR_M6,77
TYRE_0027,6,FIN,FIN_M2,23
TYRE_0027,7,INS,INS_M1,11
TYRE_0028,1,MIX,MIX_M3,21
TYRE_0028,2,CAL,CAL_M1,43
TYRE_0028,3,EXT,EXT_M3,21
TYRE_0028,4,BLD,BLD_M6,27
TYRE_0028,5,CUR,CUR_M2,62
TYRE_0028,6,FIN,FIN_M4,29
TYRE_0028,7,INS,INS_M3,14
TYRE_0029,1,MIX,MIX_M2,15
TYRE_0029,2,CAL,CAL_M2,43
TYRE_0029,3,EXT,EXT_M4,15
TYRE_0029,4,BLD,BLD_M2,43
TYRE_0029,5,CUR,CUR_M6,90
TYRE_0029,6,FIN,FIN_M4,17
TYRE_0029,7,INS,INS_M2,15
TYRE_0030,1,MIX,MIX_M1,22
TYRE_0030,2,CAL,CAL_M1,42
TYRE_0030,3,EXT,EXT_M4,22
TYRE_0030,4,EXT,EXT_M2,41
TYRE_0030,5,BLD,BLD_M4,31
TYRE_0030,6,CUR,CUR_M5,90
TYRE_0030,7,FIN,FIN_M2,17
TYRE_0030,8,INS,INS_M1,16
TYRE_0031,1,MIX,MIX_M4,20
TYRE_0031,2,CAL,CAL_M3,42
TYRE_0031,3,EXT,EXT_M1,45
TYRE_0031,4,BLD,BLD_M3,31
TYRE_0031,5,CUR,CUR_M7,83
TYRE_0031,6,FIN,FIN_M3,10
TYRE_0031,7,INS,INS_M1,18
TYRE_0032,1,MIX,MIX_M2,28
TYRE_0032,2,CAL,CAL_M3,16
TYRE_0032,3,EXT,EXT_M1,34
TYRE_0032,4,BLD,BLD_M4,31
TYRE_0032,5,CUR,CUR_M6,67
TYRE_0032,6,FIN,FIN_M1,22
TYRE_0032,7,INS,INS_M3,16
TYRE_0033,1,MIX,MIX_M3,11
TYRE_0033,2,CAL,CAL_M4,15
TYRE_0033,3,CAL,CAL_M2,26
TYRE_0033,4,EXT,EXT_M4,17
TYRE_0033,5,EXT,EXT_M3,34
TYRE_0033,6,BLD,BLD_M3,41
TYRE_0033,7,CUR,CUR_M2,86
TYRE_0033,8,CUR,CUR_M5,72
TYRE_0033,9,FIN,FIN_M3,23
TYRE_0033,10,INS,INS_M2,22
TYRE_0034,1,MIX,MIX_M3,27
TYRE_0034,2,CAL,CAL_M2,21
TYRE_0034,3,CAL,CAL_M4,36
TYRE_0034,4,EXT,EXT_M4,36
TYRE_0034,5,EXT,EXT_M2,34
TYRE_0034,6,BLD,BLD_M5,29
TYRE_0034,7,CUR,CUR_M7,75
TYRE_0034,8,CUR,CUR_M1,59
TYRE_0034,9,FIN,FIN_M3,16
TYRE_0034,10,INS,INS_M2,28
TYRE_0035,1,MIX,MIX_M3,24
TYRE_0035,2,CAL,CAL_M4,29
TYRE_0035,3,EXT,EXT_M2,31
TYRE_0035,4,EXT,EXT_M4,40
TYRE_0035,5,BLD,BLD_M6,25
TYRE_0035,6,CUR,CUR_M2,58
TYRE_0035,7,FIN,FIN_M3,12
TYRE_0035,8,INS,INS_M1,19
TYRE_0036,1,MIX,MIX_M2,16
TYRE_0036,2,CAL,CAL_M2,15
TYRE_0036,3,EXT,EXT_M1,22
TYRE_0036,4,BLD,BLD_M4,39
TYRE_0036,5,CUR,CUR_M2,69
TYRE_0036,6,FIN,FIN_M4,30
TYRE_0036,7,INS,INS_M3,16
TYRE_0037,1,MIX,MIX_M4,25
TYRE_0037,2,CAL,CAL_M4,22
TYRE_0037,3,EXT,EXT_M2,35
TYRE_0037,4,BLD,BLD_M6,20
TYRE_0037,5,CUR,CUR_M2,89
TYRE_0037,6,FIN,FIN_M4,17
TYRE_0037,7,INS,INS_M1,26
TYRE_0038,1,MIX,MIX_M4,11
TYRE_0038,2,CAL,CAL_M2,44
TYRE_0038,3,EXT,EXT_M1,29
TYRE_0038,4,EXT,EXT_M2,40
TYRE_0038,5,BLD,BLD_M4,41
TYRE_0038,6,CUR,CUR_M6,88
TYRE_0038,7,FIN,FIN_M4,29
TYRE_0038,8,INS,INS_M3,26
TYRE_0039,1,MIX,MIX_M4,27
TYRE_0039,2,CAL,CAL_M4,43
TYRE_0039,3,EXT,EXT_M2,38
TYRE_0039,4,BLD,BLD_M4,34
TYRE_0039,5,CUR,CUR_M5,88
TYRE_0039,6,FIN,FIN_M2,30
TYRE_0039,7,INS,INS_M2,26
TYRE_0040,1,MIX,MIX_M4,30
TYRE_0040,2,CAL,CAL_M2,23
TYRE_0040,3,EXT,EXT_M4,17
TYRE_0040,4,BLD,BLD_M6,29
TYRE_0040,5,CUR,CUR_M4,57
TYRE_0040,6,FIN,FIN_M3,20
TYRE_0040,7,INS,INS_M3,12
TYRE_0041,1,MIX,MIX_M2,14
TYRE_0041,2,CAL,CAL_M2,27
TYRE_0041,3,EXT,EXT_M2,37
TYRE_0041,4,BLD,BLD_M2,22
TYRE_0041,5,CUR,CUR_M7,66
TYRE_0041,6,FIN,FIN_M3,27
TYRE_0041,7,INS,INS_M2,23
TYRE_0042,1,MIX,MIX_M1,16
TYRE_0042,2,CAL,CAL_M4,27
TYRE_0042,3,EXT,EXT_M5,45
TYRE_0042,4,BLD,BLD_M6,20
TYRE_0042,5,CUR,CUR_M7,70
TYRE_0042,6,FIN,FIN_M1,21
TYRE_0042,7,INS,INS_M2,22
TYRE_0043,1,MIX,MIX_M4,27
TYRE_0043,2,CAL,CAL_M2,30
TYRE_0043,3,CAL,CAL_M2,23
TYRE_0043,4,EXT,EXT_M4,30
TYRE_0043,5,EXT,EXT_M1,27
TYRE_0043,6,BLD,BLD_M3,41
TYRE_0043,7,CUR,CUR_M7,86
TYRE_0043,8,CUR,CUR_M3,69
TYRE_0043,9,FIN,FIN_M2,29
TYRE_0043,10,INS,INS_M3,10
TYRE_0044,1,MIX,MIX_M4,28
TYRE_0044,2,CAL,CAL_M1,17
TYRE_0044,3,EXT,EXT_M4,19
TYRE_0044,4,BLD,BLD_M4,25
TYRE_0044,5,CUR,CUR_M1,56
TYRE_0044,6,FIN,FIN_M4,20
TYRE_0044,7,INS,INS_M1,24
TYRE_0045,1,MIX,MIX_M3,20
TYRE_0045,2,CAL,CAL_M4,23
TYRE_0045,3,EXT,EXT_M4,23
TYRE_0045,4,EXT,EXT_M1,30
TYRE_0045,5,BLD,BLD_M1,43
TYRE_0045,6,CUR,CUR_M1,62
TYRE_0045,7,FIN,FIN_M2,30
TYRE_0045,8,INS,INS_M1,30
TYRE_0046,1,MIX,MIX_M1,10
TYRE_0046,2,CAL,CAL_M2,21
TYRE_0046,3,EXT,EXT_M1,34
TYRE_0046,4,BLD,BLD_M2,27
TYRE_0046,5,CUR,CUR_M3,70
TYRE_0046,6,FIN,FIN_M1,28
TYRE_0046,7,INS,INS_M1,24
TYRE_0047,1,MIX,MIX_M3,21
TYRE_0047,2,CAL,CAL_M2,34
TYRE_0047,3,EXT,EXT_M5,45
TYRE_0047,4,BLD,BLD_M6,42
TYRE_0047,5,CUR,CUR_M2,89
TYRE_0047,6,FIN,FIN_M2,19
TYRE_0047,7,INS,INS_M1,28
TYRE_0048,1,MIX,MIX_M1,19
TYRE_0048,2,CAL,CAL_M4,27
TYRE_0048,3,EXT,EXT_M2,17
TYRE_0048,4,BLD,BLD_M5,42
TYRE_0048,5,CUR,CUR_M4,46
TYRE_0048,6,FIN,FIN_M3,29
TYRE_0048,7,INS,INS_M1,28
TYRE_0049,1,MIX,MIX_M1,21
TYRE_0049,2,CAL,CAL_M4,36
TYRE_0049,3,EXT,EXT_M3,17
TYRE_0049,4,BLD,BLD_M5,40
TYRE_0049,5,CUR,CUR_M6,40
TYRE_0049,6,FIN,FIN_M4,25
TYRE_0049,7,INS,INS_M1,23
TYRE_0050,1,MIX,MIX_M3,30
TYRE_0050,2,CAL,CAL_M4,37
TYRE_0050,3,CAL,CAL_M2,28
TYRE_0050,4,EXT,EXT_M2,38
TYRE_0050,5,EXT,EXT_M5,45
TYRE_0050,6,BLD,BLD_M6,28
TYRE_0050,7,CUR,CUR_M8,69
TYRE_0050,8,CUR,CUR_M7,86
TYRE_0050,9,FIN,FIN_M3,20
TYRE_0050,10,INS,INS_M1,12
TYRE_0051,1,MIX,MIX_M3,24
TYRE_0051,2,CAL,CAL_M2,39
TYRE_0051,3,EXT,EXT_M4,33
TYRE_0051,4,EXT,EXT_M5,36
TYRE_0051,5,BLD,BLD_M4,30
TYRE_0051,6,CUR,CUR_M1,71
TYRE_0051,7,FIN,FIN_M3,15
TYRE_0051,8,INS,INS_M2,16
TYRE_0052,1,MIX,MIX_M3,18
TYRE_0052,2,CAL,CAL_M3,23
TYRE_0052,3,CAL,CAL_M3,32
TYRE_0052,4,EXT,EXT_M1,31
TYRE_0052,5,EXT,EXT_M2,17
TYRE_0052,6,BLD,BLD_M2,43
TYRE_0052,7,CUR,CUR_M7,71
TYRE_0052,8,CUR,CUR_M4,84
TYRE_0052,9,FIN,FIN_M4,30
TYRE_0052,10,INS,INS_M3,25
TYRE_0053,1,MIX,MIX_M4,10
TYRE_0053,2,CAL,CAL_M1,24
TYRE_0053,3,EXT,EXT_M2,27
TYRE_0053,4,EXT,EXT_M2,24
TYRE_0053,5,BLD,BLD_M6,38
TYRE_0053,6,CUR,CUR_M6,70
TYRE_0053,7,FIN,FIN_M3,23
TYRE_0053,8,INS,INS_M3,27
TYRE_0054,1,MIX,MIX_M3,21
TYRE_0054,2,CAL,CAL_M4,23
TYRE_0054,3,EXT,EXT_M3,23
TYRE_0054,4,BLD,BLD_M2,23
TYRE_0054,5,CUR,CUR_M4,60
TYRE_0054,6,FIN,FIN_M1,27
TYRE_0054,7,INS,INS_M3,15
TYRE_0055,1,MIX,MIX_M2,16
TYRE_0055,2,CAL,CAL_M4,23
TYRE_0055,3,CAL,CAL_M3,18
TYRE_0055,4,EXT,EXT_M2,24
TYRE_0055,5,EXT,EXT_M2,26
TYRE_0055,6,BLD,BLD_M2,29
TYRE_0055,7,CUR,CUR_M1,85
TYRE_0055,8,CUR,CUR_M3,57
TYRE_0055,9,FIN,FIN_M1,11
TYRE_0055,10,INS,INS_M3,19
TYRE_0056,1,MIX,MIX_M2,30
TYRE_0056,2,CAL,CAL_M4,18
TYRE_0056,3,EXT,EXT_M1,33
TYRE_0056,4,BLD,BLD_M3,35
TYRE_0056,5,CUR,CUR_M8,68
TYRE_0056,6,FIN,FIN_M3,15
TYRE_0056,7,INS,INS_M1,18
TYRE_0057,1,MIX,MIX_M4,13
TYRE_0057,2,CAL,CAL_M1,27
TYRE_0057,3,EXT,EXT_M4,17
TYRE_0057,4,BLD,BLD_M5,40
TYRE_0057,5,CUR,CUR_M1,49
TYRE_0057,6,FIN,FIN_M2,28
TYRE_0057,7,INS,INS_M2,12
TYRE_0058,1,MIX,MIX_M2,13
TYRE_0058,2,CAL,CAL_M4,34
TYRE_0058,3,EXT,EXT_M5,40
TYRE_0058,4,BLD,BLD_M5,27
TYRE_0058,5,CUR,CUR_M7,68
TYRE_0058,6,FIN,FIN_M4,19
TYRE_0058,7,INS,INS_M3,23
TYRE_0059,1,MIX,MIX_M3,28
TYRE_0059,2,CAL,CAL_M1,34
TYRE_0059,3,EXT,EXT_M1,45
TYRE_0059,4,BLD,BLD_M2,40
TYRE_0059,5,CUR,CUR_M4,56
TYRE_0059,6,FIN,FIN_M1,15
TYRE_0059,7,INS,INS_M1,15
TYRE_0060,1,MIX,MIX_M1,15
TYRE_0060,2,CAL,CAL_M1,28
TYRE_0060,3,EXT,EXT_M4,37
TYRE_0060,4,BLD,BLD_M5,35
TYRE_0060,5,CUR,CUR_M5,42
TYRE_0060,6,FIN,FIN_M2,19
TYRE_0060,7,INS,INS_M3,19
TYRE_0061,1,MIX,MIX_M4,12
TYRE_0061,2,CAL,CAL_M2,44
TYRE_0061,3,EXT,EXT_M3,40
TYRE_0061,4,BLD,BLD_M6,38
TYRE_0061,5,CUR,CUR_M4,67
TYRE_0061,6,FIN,FIN_M1,27
TYRE_0061,7,INS,INS_M1,30
TYRE_0062,1,MIX,MIX_M2,18
TYRE_0062,2,CAL,CAL_M2,17
TYRE_0062,3,EXT,EXT_M1,20
TYRE_0062,4,EXT,EXT_M3,34
TYRE_0062,5,BLD,BLD_M6,46
TYRE_0062,6,CUR,CUR_M5,68
TYRE_0062,7,FIN,FIN_M1,24
TYRE_0062,8,INS,INS_M3,19
TYRE_0063,1,MIX,MIX_M4,18
TYRE_0063,2,CAL,CAL_M4,29
TYRE_0063,3,EXT,EXT_M1,34
TYRE_0063,4,BLD,BLD_M1,48
TYRE_0063,5,CUR,CUR_M7,87
TYRE_0063,6,FIN,FIN_M3,29
TYRE_0063,7,INS,INS_M2,10
TYRE_0064,1,MIX,MIX_M1,17
TYRE_0064,2,CAL,CAL_M1,39
TYRE_0064,3,EXT,EXT_M3,33
TYRE_0064,4,BLD,BLD_M1,44
TYRE_0064,5,CUR,CUR_M3,70
TYRE_0064,6,FIN,FIN_M4,18
TYRE_0064,7,INS,INS_M1,28
TYRE_0065,1,MIX,MIX_M4,30
TYRE_0065,2,CAL,CAL_M4,17
TYRE_0065,3,EXT,EXT_M4,26
TYRE_0065,4,BLD,BLD_M4,30
TYRE_0065,5,CUR,CUR_M6,82
TYRE_0065,6,FIN,FIN_M1,15
TYRE_0065,7,INS,INS_M2,23
TYRE_0066,1,MIX,MIX_M4,19
TYRE_0066,2,CAL,CAL_M4,41
TYRE_0066,3,EXT,EXT_M5,16
TYRE_0066,4,BLD,BLD_M4,22
TYRE_0066,5,CUR,CUR_M6,56
TYRE_0066,6,FIN,FIN_M3,13
TYRE_0066,7,INS,INS_M2,26
TYRE_0067,1,MIX,MIX_M1,27
TYRE_0067,2,CAL,CAL_M4,28
TYRE_0067,3,EXT,EXT_M1,21
TYRE_0067,4,EXT,EXT_M5,26
TYRE_0067,5,BLD,BLD_M5,44
TYRE_0067,6,CUR,CUR_M8,80
TYRE_0067,7,FIN,FIN_M4,11
TYRE_0067,8,INS,INS_M1,18
TYRE_0068,1,MIX,MIX_M2,19
TYRE_0068,2,CAL,CAL_M4,43
TYRE_0068,3,EXT,EXT_M4,18
TYRE_0068,4,BLD,BLD_M1,40
TYRE_0068,5,CUR,CUR_M4,85
TYRE_0068,6,FIN,FIN_M2,19
TYRE_0068,7,INS,INS_M3,10
TYRE_0069,1,MIX,MIX_M4,12
TYRE_0069,2,CAL,CAL_M2,41
TYRE_0069,3,CAL,CAL_M1,29
TYRE_0069,4,EXT,EXT_M1,35
TYRE_0069,5,EXT,EXT_M2,30
TYRE_0069,6,BLD,BLD_M6,29
TYRE_0069,7,CUR,CUR_M5,66
TYRE_0069,8,CUR,CUR_M8,70
TYRE_0069,9,FIN,FIN_M2,24
TYRE_0069,10,INS,INS_M3,14
TYRE_0070,1,MIX,MIX_M4,16
TYRE_0070,2,CAL,CAL_M2,42
TYRE_0070,3,EXT,EXT_M1,23
TYRE_0070,4,EXT,EXT_M4,25
TYRE_0070,5,BLD,BLD_M5,28
TYRE_0070,6,CUR,CUR_M1,58
TYRE_0070,7,FIN,FIN_M3,28
TYRE_0070,8,INS,INS_M3,25
TYRE_0071,1,MIX,MIX_M2,24
TYRE_0071,2,CAL,CAL_M4,26
TYRE_0071,3,EXT,EXT_M3,32
TYRE_0071,4,BLD,BLD_M5,32
TYRE_0071,5,CUR,CUR_M8,60
TYRE_0071,6,FIN,FIN_M2,17
TYRE_0071,7,INS,INS_M3,22
TYRE_0072,1,MIX,MIX_M2,23
TYRE_0072,2,CAL,CAL_M1,25
TYRE_0072,3,EXT,EXT_M4,37
TYRE_0072,4,BLD,BLD_M4,32
TYRE_0072,5,CUR,CUR_M3,71
TYRE_0072,6,FIN,FIN_M1,14
TYRE_0072,7,INS,INS_M3,28
TYRE_0073,1,MIX,MIX_M3,13
TYRE_0073,2,CAL,CAL_M4,18
TYRE_0073,3,EXT,EXT_M5,44
TYRE_0073,4,EXT,EXT_M4,15
TYRE_0073,5,BLD,BLD_M6,24
TYRE_0073,6,CUR,CUR_M7,81
TYRE_0073,7,FIN,FIN_M2,12
TYRE_0073,8,INS,INS_M2,18
TYRE_0074,1,MIX,MIX_M3,29
TYRE_0074,2,CAL,CAL_M4,35
TYRE_0074,3,EXT,EXT_M1,42
TYRE_0074,4,EXT,EXT_M3,42
TYRE_0074,5,BLD,BLD_M6,47
TYRE_0074,6,CUR,CUR_M7,60
TYRE_0074,7,FIN,FIN_M4,27
TYRE_0074,8,INS,INS_M1,29
TYRE_0075,1,MIX,MIX_M1,17
TYRE_0075,2,CAL,CAL_M3,22
TYRE_0075,3,EXT,EXT_M1,28
TYRE_0075,4,EXT,EXT_M1,39
TYRE_0075,5,BLD,BLD_M6,42
TYRE_0075,6,CUR,CUR_M2,68
TYRE_0075,7,FIN,FIN_M2,19
TYRE_0075,8,INS,INS_M1,11
TYRE_0076,1,MIX,MIX_M3,11
TYRE_0076,2,CAL,CAL_M3,26
TYRE_0076,3,EXT,EXT_M3,28
TYRE_0076,4,EXT,EXT_M2,22
TYRE_0076,5,BLD,BLD_M5,33
TYRE_0076,6,CUR,CUR_M3,50
TYRE_0076,7,FIN,FIN_M2,12
TYRE_0076,8,INS,INS_M3,22
TYRE_0077,1,MIX,MIX_M2,25
TYRE_0077,2,CAL,CAL_M2,22
TYRE_0077,3,EXT,EXT_M4,35
TYRE_0077,4,BLD,BLD_M3,34
TYRE_0077,5,CUR,CUR_M5,82
TYRE_0077,6,FIN,FIN_M1,24
TYRE_0077,7,INS,INS_M2,27
TYRE_0078,1,MIX,MIX_M2,12
TYRE_0078,2,CAL,CAL_M4,45
TYRE_0078,3,EXT,EXT_M3,33
TYRE_0078,4,BLD,BLD_M3,40
TYRE_0078,5,CUR,CUR_M7,84
TYRE_0078,6,FIN,FIN_M3,24
TYRE_0078,7,INS,INS_M2,16
TYRE_0079,1,MIX,MIX_M4,25
TYRE_0079,2,CAL,CAL_M1,22
TYRE_0079,3,EXT,EXT_M4,33
TYRE_0079,4,BLD,BLD_M3,38
TYRE_0079,5,CUR,CUR_M5,84
TYRE_0079,6,FIN,FIN_M3,10
TYRE_0079,7,INS,INS_M3,22
TYRE_0080,1,MIX,MIX_M3,10
TYRE_0080,2,CAL,CAL_M1,44
TYRE_0080,3,EXT,EXT_M5,38
TYRE_0080,4,EXT,EXT_M4,41
TYRE_0080,5,BLD,BLD_M3,44
TYRE_0080,6,CUR,CUR_M4,78
TYRE_0080,7,FIN,FIN_M3,17
TYRE_0080,8,INS,INS_M3,16
TYRE_0081,1,MIX,MIX_M3,14
TYRE_0081,2,CAL,CAL_M1,43
TYRE_0081,3,EXT,EXT_M1,24
TYRE_0081,4,EXT,EXT_M4,16
TYRE_0081,5,BLD,BLD_M5,31
TYRE_0081,6,CUR,CUR_M3,45
TYRE_0081,7,FIN,FIN_M3,20
TYRE_0081,8,INS,INS_M3,23
TYRE_0082,1,MIX,MIX_M2,16
TYRE_0082,2,CAL,CAL_M2,40
TYRE_0082,3,EXT,EXT_M5,43
TYRE_0082,4,BLD,BLD_M3,36
TYRE_0082,5,CUR,CUR_M5,50
TYRE_0082,6,FIN,FIN_M3,25
TYRE_0082,7,INS,INS_M2,20
TYRE_0083,1,MIX,MIX_M1,24
TYRE_0083,2,CAL,CAL_M1,19
TYRE_0083,3,EXT,EXT_M2,42
TYRE_0083,4,BLD,BLD_M6,43
TYRE_0083,5,CUR,CUR_M7,75
TYRE_0083,6,FIN,FIN_M3,12
TYRE_0083,7,INS,INS_M2,10
TYRE_0084,1,MIX,MIX_M3,27
TYRE_0084,2,CAL,CAL_M1,29
TYRE_0084,3,EXT,EXT_M3,36
TYRE_0084,4,BLD,BLD_M6,41
TYRE_0084,5,CUR,CUR_M5,77
TYRE_0084,6,FIN,FIN_M4,30
TYRE_0084,7,INS,INS_M2,13
TYRE_0085,1,MIX,MIX_M2,25
TYRE_0085,2,CAL,CAL_M1,34
TYRE_0085,3,EXT,EXT_M5,25
TYRE_0085,4,BLD,BLD_M5,27
TYRE_0085,5,CUR,CUR_M2,80
TYRE_0085,6,FIN,FIN_M4,19
TYRE_0085,7,INS,INS_M3,23
TYRE_0086,1,MIX,MIX_M1,14
TYRE_0086,2,CAL,CAL_M1,45
TYRE_0086,3,EXT,EXT_M1,24
TYRE_0086,4,EXT,EXT_M4,18
TYRE_0086,5,BLD,BLD_M1,27
TYRE_0086,6,CUR,CUR_M3,64
TYRE_0086,7,FIN,FIN_M4,21
TYRE_0086,8,INS,INS_M3,27
TYRE_0087,1,MIX,MIX_M4,28
TYRE_0087,2,CAL,CAL_M2,43
TYRE_0087,3,EXT,EXT_M4,35
TYRE_0087,4,EXT,EXT_M1,41
TYRE_0087,5,BLD,BLD_M4,39
TYRE_0087,6,CUR,CUR_M7,57
TYRE_0087,7,FIN,FIN_M1,21
TYRE_0087,8,INS,INS_M1,24
TYRE_0088,1,MIX,MIX_M4,17
TYRE_0088,2,CAL,CAL_M3,18
TYRE_0088,3,EXT,EXT_M3,32
TYRE_0088,4,EXT,EXT_M3,16
TYRE_0088,5,BLD,BLD_M4,28
TYRE_0088,6,CUR,CUR_M4,47
TYRE_0088,7,FIN,FIN_M4,12
TYRE_0088,8,INS,INS_M3,16
TYRE_0089,1,MIX,MIX_M1,11
TYRE_0089,2,CAL,CAL_M3,22
TYRE_0089,3,EXT,EXT_M2,40
TYRE_0089,4,BLD,BLD_M5,26
TYRE_0089,5,CUR,CUR_M2,88
TYRE_0089,6,FIN,FIN_M2,28
TYRE_0089,7,INS,INS_M1,17
TYRE_0090,1,MIX,MIX_M3,14
TYRE_0090,2,CAL,CAL_M1,23
TYRE_0090,3,EXT,EXT_M2,19
TYRE_0090,4,BLD,BLD_M5,28
TYRE_0090,5,CUR,CUR_M3,47
TYRE_0090,6,FIN,FIN_M1,14
TYRE_0090,7,INS,INS_M1,21
TYRE_0091,1,MIX,MIX_M2,28
TYRE_0091,2,CAL,CAL_M3,15
TYRE_0091,3,EXT,EXT_M2,23
TYRE_0091,4,EXT,EXT_M1,19
TYRE_0091,5,BLD,BLD_M6,33
TYRE_0091,6,CUR,CUR_M2,87
TYRE_0091,7,FIN,FIN_M1,25
TYRE_0091,8,INS,INS_M2,21
TYRE_0092,1,MIX,MIX_M1,24
TYRE_0092,2,CAL,CAL_M2,45
TYRE_0092,3,EXT,EXT_M5,16
TYRE_0092,4,EXT,EXT_M5,24
TYRE_0092,5,BLD,BLD_M4,40
TYRE_0092,6,CUR,CUR_M1,43
TYRE_0092,7,FIN,FIN_M4,22
TYRE_0092,8,INS,INS_M2,13
TYRE_0093,1,MIX,MIX_M4,24
TYRE_0093,2,CAL,CAL_M1,43
TYRE_0093,3,EXT,EXT_M1,25
TYRE_0093,4,BLD,BLD_M5,24
TYRE_0093,5,CUR,CUR_M2,48
TYRE_0093,6,FIN,FIN_M3,29
TYRE_0093,7,INS,INS_M3,28
TYRE_0094,1,MIX,MIX_M3,22
TYRE_0094,2,CAL,CAL_M3,29
TYRE_0094,3,EXT,EXT_M5,34
TYRE_0094,4,EXT,EXT_M4,18
TYRE_0094,5,BLD,BLD_M6,23
TYRE_0094,6,CUR,CUR_M4,67
TYRE_0094,7,FIN,FIN_M4,17
TYRE_0094,8,INS,INS_M2,20
TYRE_0095,1,MIX,MIX_M4,22
TYRE_0095,2,CAL,CAL_M4,38
TYRE_0095,3,EXT,EXT_M1,25
TYRE_0095,4,BLD,BLD_M4,30
TYRE_0095,5,CUR,CUR_M5,63
TYRE_0095,6,FIN,FIN_M2,25
TYRE_0095,7,INS,INS_M1,12
TYRE_0096,1,MIX,MIX_M1,12
TYRE_0096,2,CAL,CAL_M4,18
TYRE_0096,3,EXT,EXT_M3,40
TYRE_0096,4,BLD,BLD_M2,37
TYRE_0096,5,CUR,CUR_M1,77
TYRE_0096,6,FIN,FIN_M3,13
TYRE_0096,7,INS,INS_M2,21
TYRE_0097,1,MIX,MIX_M4,11
TYRE_0097,2,CAL,CAL_M3,34
TYRE_0097,3,EXT,EXT_M3,26
TYRE_0097,4,BLD,BLD_M1,38
TYRE_0097,5,CUR,CUR_M4,49
TYRE_0097,6,FIN,FIN_M4,17
TYRE_0097,7,INS,INS_M1,21
TYRE_0098,1,MIX,MIX_M3,13
TYRE_0098,2,CAL,CAL_M3,33
TYRE_0098,3,EXT,EXT_M2,40
TYRE_0098,4,BLD,BLD_M4,47
TYRE_0098,5,CUR,CUR_M1,78
TYRE_0098,6,FIN,FIN_M3,10
TYRE_0098,7,INS,INS_M1,18
TYRE_0099,1,MIX,MIX_M3,20
TYRE_0099,2,CAL,CAL_M3,15
TYRE_0099,3,EXT,EXT_M2,42
TYRE_0099,4,BLD,BLD_M2,38
TYRE_0099,5,CUR,CUR_M7,44
TYRE_0099,6,FIN,FIN_M2,30
TYRE_0099,7,INS,INS_M1,12
TYRE_0100,1,MIX,MIX_M2,22
TYRE_0100,2,CAL,CAL_M4,29
TYRE_0100,3,EXT,EXT_M3,20
TYRE_0100,4,BLD,BLD_M3,29
TYRE_0100,5,CUR,CUR_M6,89
TYRE_0100,6,FIN,FIN_M1,11
TYRE_0100,7,INS,INS_M1,15
TYRE_0101,1,MIX,MIX_M1,12
TYRE_0101,2,CAL,CAL_M3,29
TYRE_0101,3,EXT,EXT_M4,30
TYRE_0101,4,EXT,EXT_M5,29
TYRE_0101,5,BLD,BLD_M4,28
TYRE_0101,6,CUR,CUR_M4,88
TYRE_0101,7,FIN,FIN_M1,21
TYRE_0101,8,INS,INS_M2,13
TYRE_0102,1,MIX,MIX_M3,28
TYRE_0102,2,CAL,CAL_M4,31
TYRE_0102,3,EXT,EXT_M3,16
TYRE_0102,4,BLD,BLD_M2,32
TYRE_0102,5,CUR,CUR_M1,40
TYRE_0102,6,FIN,FIN_M2,19
TYRE_0102,7,INS,INS_M1,14
TYRE_0103,1,MIX,MIX_M3,19
TYRE_0103,2,CAL,CAL_M3,18
TYRE_0103,3,EXT,EXT_M1,30
TYRE_0103,4,BLD,BLD_M6,33
TYRE_0103,5,CUR,CUR_M3,48
TYRE_0103,6,FIN,FIN_M4,27
TYRE_0103,7,INS,INS_M3,17
TYRE_0104,1,MIX,MIX_M3,12
TYRE_0104,2,CAL,CAL_M4,42
TYRE_0104,3,CAL,CAL_M1,28
TYRE_0104,4,EXT,EXT_M1,29
TYRE_0104,5,EXT,EXT_M1,42
TYRE_0104,6,BLD,BLD_M3,38
TYRE_0104,7,CUR,CUR_M7,76
TYRE_0104,8,CUR,CUR_M7,85
TYRE_0104,9,FIN,FIN_M4,19
TYRE_0104,10,INS,INS_M1,22
TYRE_0105,1,MIX,MIX_M1,20
TYRE_0105,2,CAL,CAL_M2,40
TYRE_0105,3,EXT,EXT_M5,29
TYRE_0105,4,BLD,BLD_M6,49
TYRE_0105,5,CUR,CUR_M6,45
TYRE_0105,6,FIN,FIN_M4,13
TYRE_0105,7,INS,INS_M1,23
TYRE_0106,1,MIX,MIX_M4,26
TYRE_0106,2,CAL,CAL_M1,27
TYRE_0106,3,EXT,EXT_M3,38
TYRE_0106,4,BLD,BLD_M3,27
TYRE_0106,5,CUR,CUR_M6,89
TYRE_0106,6,FIN,FIN_M2,12
TYRE_0106,7,INS,INS_M3,30
TYRE_0107,1,MIX,MIX_M1,26
TYRE_0107,2,CAL,CAL_M2,43
TYRE_0107,3,EXT,EXT_M3,26
TYRE_0107,4,EXT,EXT_M2,22
TYRE_0107,5,BLD,BLD_M1,24
TYRE_0107,6,CUR,CUR_M5,52
TYRE_0107,7,FIN,FIN_M2,29
TYRE_0107,8,INS,INS_M1,30
TYRE_0108,1,MIX,MIX_M1,15
TYRE_0108,2,CAL,CAL_M4,29
TYRE_0108,3,EXT,EXT_M5,39
TYRE_0108,4,BLD,BLD_M5,34
TYRE_0108,5,CUR,CUR_M6,80
TYRE_0108,6,FIN,FIN_M3,14
TYRE_0108,7,INS,INS_M2,12
TYRE_0109,1,MIX,MIX_M4,24
TYRE_0109,2,CAL,CAL_M3,40
TYRE_0109,3,EXT,EXT_M3,33
TYRE_0109,4,BLD,BLD_M1,31
TYRE_0109,5,CUR,CUR_M2,59
TYRE_0109,6,FIN,FIN_M4,24
TYRE_0109,7,INS,INS_M1,11
TYRE_0110,1,MIX,MIX_M3,19
TYRE_0110,2,CAL,CAL_M1,35
TYRE_0110,3,EXT,EXT_M1,34
TYRE_0110,4,BLD,BLD_M5,36
TYRE_0110,5,CUR,CUR_M7,69
TYRE_0110,6,FIN,FIN_M1,24
TYRE_0110,7,INS,INS_M3,30
TYRE_0111,1,MIX,MIX_M2,20
TYRE_0111,2,CAL,CAL_M4,31
TYRE_0111,3,EXT,EXT_M2,45
TYRE_0111,4,BLD,BLD_M1,34
TYRE_0111,5,CUR,CUR_M2,61
TYRE_0111,6,FIN,FIN_M1,26
TYRE_0111,7,INS,INS_M3,15
TYRE_0112,1,MIX,MIX_M1,17
TYRE_0112,2,CAL,CAL_M4,29
TYRE_0112,3,CAL,CAL_M2,26
TYRE_0112,4,EXT,EXT_M3,44
TYRE_0112,5,EXT,EXT_M3,27
TYRE_0112,6,BLD,BLD_M4,44
TYRE_0112,7,CUR,CUR_M6,83
TYRE_0112,8,CUR,CUR_M1,90
TYRE_0112,9,FIN,FIN_M3,12
TYRE_0112,10,INS,INS_M2,13
TYRE_0113,1,MIX,MIX_M4,19
TYRE_0113,2,CAL,CAL_M3,38
TYRE_0113,3,EXT,EXT_M5,42
TYRE_0113,4,EXT,EXT_M2,25
TYRE_0113,5,BLD,BLD_M1,38
TYRE_0113,6,CUR,CUR_M3,62
TYRE_0113,7,FIN,FIN_M3,30
TYRE_0113,8,INS,INS_M3,22
TYRE_0114,1,MIX,MIX_M2,29
TYRE_0114,2,CAL,CAL_M1,24
TYRE_0114,3,EXT,EXT_M5,27
TYRE_0114,4,EXT,EXT_M3,41
TYRE_0114,5,BLD,BLD_M2,41
TYRE_0114,6,CUR,CUR_M2,81
TYRE_0114,7,FIN,FIN_M4,26
TYRE_0114,8,INS,INS_M2,10
TYRE_0115,1,MIX,MIX_M3,19
TYRE_0115,2,CAL,CAL_M2,45
TYRE_0115,3,EXT,EXT_M2,25
TYRE_0115,4,EXT,EXT_M4,21
TYRE_0115,5,BLD,BLD_M2,24
TYRE_0115,6,CUR,CUR_M3,44
TYRE_0115,7,FIN,FIN_M3,13
TYRE_0115,8,INS,INS_M3,27
TYRE_0116,1,MIX,MIX_M1,20
TYRE_0116,2,CAL,CAL_M2,34
TYRE_0116,3,EXT,EXT_M4,19
TYRE_0116,4,EXT,EXT_M2,20
TYRE_0116,5,BLD,BLD_M6,44
TYRE_0116,6,CUR,CUR_M3,86
TYRE_0116,7,FIN,FIN_M4,11
TYRE_0116,8,INS,INS_M2,21
TYRE_0117,1,MIX,MIX_M2,24
TYRE_0117,2,CAL,CAL_M3,39
TYRE_0117,3,EXT,EXT_M4,22
TYRE_0117,4,BLD,BLD_M5,27
TYRE_0117,5,CUR,CUR_M5,90
TYRE_0117,6,FIN,FIN_M4,16
TYRE_0117,7,INS,INS_M2,28
TYRE_0118,1,MIX,MIX_M4,24
TYRE_0118,2,CAL,CAL_M3,39
TYRE_0118,3,EXT,EXT_M4,31
TYRE_0118,4,EXT,EXT_M5,28
TYRE_0118,5,BLD,BLD_M2,46
TYRE_0118,6,CUR,CUR_M4,78
TYRE_0118,7,FIN,FIN_M2,18
TYRE_0118,8,INS,INS_M1,30
TYRE_0119,1,MIX,MIX_M4,21
TYRE_0119,2,CAL,CAL_M1,37
TYRE_0119,3,EXT,EXT_M5,42
TYRE_0119,4,BLD,BLD_M1,29
TYRE_0119,5,CUR,CUR_M2,88
TYRE_0119,6,FIN,FIN_M2,18
TYRE_0119,7,INS,INS_M2,26
TYRE_0120,1,MIX,MIX_M2,23
TYRE_0120,2,CAL,CAL_M1,45
TYRE_0120,3,EXT,EXT_M2,41
TYRE_0120,4,EXT,EXT_M4,43
TYRE_0120,5,BLD,BLD_M3,49
TYRE_0120,6,CUR,CUR_M1,66
TYRE_0120,7,FIN,FIN_M1,22
TYRE_0120,8,INS,INS_M3,21
TYRE_0121,1,MIX,MIX_M2,22
TYRE_0121,2,CAL,CAL_M1,26
TYRE_0121,3,EXT,EXT_M2,15
TYRE_0121,4,EXT,EXT_M3,44
TYRE_0121,5,BLD,BLD_M1,46
TYRE_0121,6,CUR,CUR_M6,90
TYRE_0121,7,FIN,FIN_M2,14
TYRE_0121,8,INS,INS_M1,19
TYRE_0122,1,MIX,MIX_M4,14
TYRE_0122,2,CAL,CAL_M4,29
TYRE_0122,3,EXT,EXT_M5,15
TYRE_0122,4,BLD,BLD_M1,20
TYRE_0122,5,CUR,CUR_M5,53
TYRE_0122,6,FIN,FIN_M2,27
TYRE_0122,7,INS,INS_M3,29
TYRE_0123,1,MIX,MIX_M4,13
TYRE_0123,2,CAL,CAL_M3,22
TYRE_0123,3,EXT,EXT_M3,18
TYRE_0123,4,BLD,BLD_M1,27
TYRE_0123,5,CUR,CUR_M7,80
TYRE_0123,6,FIN,FIN_M4,12
TYRE_0123,7,INS,INS_M1,25
TYRE_0124,1,MIX,MIX_M1,30
TYRE_0124,2,CAL,CAL_M2,37
TYRE_0124,3,EXT,EXT_M2,24
TYRE_0124,4,BLD,BLD_M4,20
TYRE_0124,5,CUR,CUR_M6,55
TYRE_0124,6,FIN,FIN_M4,15
TYRE_0124,7,INS,INS_M3,12
TYRE_0125,1,MIX,MIX_M3,12
TYRE_0125,2,CAL,CAL_M1,27
TYRE_0125,3,EXT,EXT_M4,16
TYRE_0125,4,BLD,BLD_M6,32
TYRE_0125,5,CUR,CUR_M6,56
TYRE_0125,6,FIN,FIN_M1,21
TYRE_0125,7,INS,INS_M1,21
TYRE_0126,1,MIX,MIX_M2,30
TYRE_0126,2,CAL,CAL_M1,39
TYRE_0126,3,EXT,EXT_M5,38
TYRE_0126,4,EXT,EXT_M3,19
TYRE_0126,5,BLD,BLD_M1,31
TYRE_0126,6,CUR,CUR_M6,81
TYRE_0126,7,FIN,FIN_M2,24
TYRE_0126,8,INS,INS_M3,25
TYRE_0127,1,MIX,MIX_M2,14
TYRE_0127,2,CAL,CAL_M1,37
TYRE_0127,3,EXT,EXT_M4,16
TYRE_0127,4,EXT,EXT_M3,21
TYRE_0127,5,BLD,BLD_M1,45
TYRE_0127,6,CUR,CUR_M4,42
TYRE_0127,7,FIN,FIN_M3,19
TYRE_0127,8,INS,INS_M3,22
TYRE_0128,1,MIX,MIX_M4,18
TYRE_0128,2,CAL,CAL_M1,39
TYRE_0128,3,EXT,EXT_M2,24
TYRE_0128,4,BLD,BLD_M3,47
TYRE_0128,5,CUR,CUR_M1,81
TYRE_0128,6,FIN,FIN_M3,18
TYRE_0128,7,INS,INS_M1,21
TYRE_0129,1,MIX,MIX_M4,22
TYRE_0129,2,CAL,CAL_M4,43
TYRE_0129,3,EXT,EXT_M4,25
TYRE_0129,4,BLD,BLD_M2,35
TYRE_0129,5,CUR,CUR_M8,63
TYRE_0129,6,FIN,FIN_M3,12
TYRE_0129,7,INS,INS_M3,23
TYRE_0130,1,MIX,MIX_M1,23
TYRE_0130,2,CAL,CAL_M2,32
TYRE_0130,3,EXT,EXT_M3,25
TYRE_0130,4,BLD,BLD_M1,22
TYRE_0130,5,CUR,CUR_M6,82
TYRE_0130,6,FIN,FIN_M3,19
TYRE_0130,7,INS,INS_M2,29
TYRE_0131,1,MIX,MIX_M4,15
TYRE_0131,2,CAL,CAL_M4,26
TYRE_0131,3,EXT,EXT_M4,16
TYRE_0131,4,BLD,BLD_M6,47
TYRE_0131,5,CUR,CUR_M6,79
TYRE_0131,6,FIN,FIN_M4,18
TYRE_0131,7,INS,INS_M3,11
TYRE_0132,1,MIX,MIX_M1,30
TYRE_0132,2,CAL,CAL_M4,26
TYRE_0132,3,EXT,EXT_M5,40
TYRE_0132,4,BLD,BLD_M6,41
TYRE_0132,5,CUR,CUR_M3,41
TYRE_0132,6,FIN,FIN_M2,29
TYRE_0132,7,INS,INS_M3,24
TYRE_0133,1,MIX,MIX_M1,14
TYRE_0133,2,CAL,CAL_M1,22
TYRE_0133,3,EXT,EXT_M3,26
TYRE_0133,4,BLD,BLD_M4,50
TYRE_0133,5,CUR,CUR_M1,78
TYRE_0133,6,FIN,FIN_M2,24
TYRE_0133,7,INS,INS_M2,21
TYRE_0134,1,MIX,MIX_M4,12
TYRE_0134,2,CAL,CAL_M2,31
TYRE_0134,3,CAL,CAL_M3,27
TYRE_0134,4,EXT,EXT_M3,35
TYRE_0134,5,EXT,EXT_M3,22
TYRE_0134,6,BLD,BLD_M1,20
TYRE_0134,7,CUR,CUR_M3,71
TYRE_0134,8,CUR,CUR_M7,75
TYRE_0134,9,FIN,FIN_M1,18
TYRE_0134,10,INS,INS_M2,24
TYRE_0135,1,MIX,MIX_M2,29
TYRE_0135,2,CAL,CAL_M3,37
TYRE_0135,3,EXT,EXT_M4,21
TYRE_0135,4,BLD,BLD_M1,24
TYRE_0135,5,CUR,CUR_M2,68
TYRE_0135,6,FIN,FIN_M2,24
TYRE_0135,7,INS,INS_M1,20
TYRE_0136,1,MIX,MIX_M3,12
TYRE_0136,2,CAL,CAL_M3,43
TYRE_0136,3,EXT,EXT_M3,42
TYRE_0136,4,BLD,BLD_M2,42
TYRE_0136,5,CUR,CUR_M3,90
TYRE_0136,6,FIN,FIN_M3,26
TYRE_0136,7,INS,INS_M1,13
TYRE_0137,1,MIX,MIX_M2,14
TYRE_0137,2,CAL,CAL_M2,40
TYRE_0137,3,EXT,EXT_M4,15
TYRE_0137,4,EXT,EXT_M3,32
TYRE_0137,5,BLD,BLD_M5,31
TYRE_0137,6,CUR,CUR_M8,75
TYRE_0137,7,FIN,FIN_M2,29
TYRE_0137,8,INS,INS_M1,12
TYRE_0138,1,MIX,MIX_M3,22
TYRE_0138,2,CAL,CAL_M4,31
TYRE_0138,3,EXT,EXT_M4,39
TYRE_0138,4,BLD,BLD_M4,46
TYRE_0138,5,CUR,CUR_M2,48
TYRE_0138,6,FIN,FIN_M3,30
TYRE_0138,7,INS,INS_M1,24
TYRE_0139,1,MIX,MIX_M4,26
TYRE_0139,2,CAL,CAL_M3,19
TYRE_0139,3,CAL,CAL_M2,39
TYRE_0139,4,EXT,EXT_M2,28
TYRE_0139,5,EXT,EXT_M5,44
TYRE_0139,6,BLD,BLD_M1,46
TYRE_0139,7,CUR,CUR_M2,73
TYRE_0139,8,CUR,CUR_M3,59
TYRE_0139,9,FIN,FIN_M2,15
TYRE_0139,10,INS,INS_M2,17
TYRE_0140,1,MIX,MIX_M3,26
TYRE_0140,2,CAL,CAL_M3,42
TYRE_0140,3,CAL,CAL_M1,23
TYRE_0140,4,EXT,EXT_M2,35
TYRE_0140,5,EXT,EXT_M5,23
TYRE_0140,6,BLD,BLD_M2,40
TYRE_0140,7,CUR,CUR_M5,79
TYRE_0140,8,CUR,CUR_M2,72
TYRE_0140,9,FIN,FIN_M2,28
TYRE_0140,10,INS,INS_M3,14
TYRE_0141,1,MIX,MIX_M2,29
TYRE_0141,2,CAL,CAL_M3,41
TYRE_0141,3,EXT,EXT_M5,16
TYRE_0141,4,BLD,BLD_M1,22
TYRE_0141,5,CUR,CUR_M1,81
TYRE_0141,6,FIN,FIN_M3,30
TYRE_0141,7,INS,INS_M1,28
TYRE_0142,1,MIX,MIX_M4,29
TYRE_0142,2,CAL,CAL_M1,30
TYRE_0142,3,EXT,EXT_M5,24
TYRE_0142,4,BLD,BLD_M6,50
TYRE_0142,5,CUR,CUR_M5,70
TYRE_0142,6,FIN,FIN_M2,22
TYRE_0142,7,INS,INS_M2,24
TYRE_0143,1,MIX,MIX_M1,11
TYRE_0143,2,CAL,CAL_M2,29
TYRE_0143,3,EXT,EXT_M4,30
TYRE_0143,4,BLD,BLD_M4,26
TYRE_0143,5,CUR,CUR_M6,78
TYRE_0143,6,FIN,FIN_M2,20
TYRE_0143,7,INS,INS_M3,20
TYRE_0144,1,MIX,MIX_M3,22
TYRE_0144,2,CAL,CAL_M2,39
TYRE_0144,3,EXT,EXT_M3,31
TYRE_0144,4,BLD,BLD_M5,23
TYRE_0144,5,CUR,CUR_M6,55
TYRE_0144,6,FIN,FIN_M4,13
TYRE_0144,7,INS,INS_M2,24
TYRE_0145,1,MIX,MIX_M2,14
TYRE_0145,2,CAL,CAL_M1,16
TYRE_0145,3,EXT,EXT_M3,45
TYRE_0145,4,BLD,BLD_M4,47
TYRE_0145,5,CUR,CUR_M7,55
TYRE_0145,6,FIN,FIN_M2,20
TYRE_0145,7,INS,INS_M3,20
TYRE_0146,1,MIX,MIX_M2,15
TYRE_0146,2,CAL,CAL_M4,31
TYRE_0146,3,EXT,EXT_M4,30
TYRE_0146,4,EXT,EXT_M3,30
TYRE_0146,5,BLD,BLD_M1,22
TYRE_0146,6,CUR,CUR_M7,72
TYRE_0146,7,FIN,FIN_M4,17
TYRE_0146,8,INS,INS_M1,28
TYRE_0147,1,MIX,MIX_M3,11
TYRE_0147,2,CAL,CAL_M1,24
TYRE_0147,3,EXT,EXT_M4,34
TYRE_0147,4,BLD,BLD_M6,41
TYRE_0147,5,CUR,CUR_M8,58
TYRE_0147,6,FIN,FIN_M1,13
TYRE_0147,7,INS,INS_M2,14
TYRE_0148,1,MIX,MIX_M3,21
TYRE_0148,2,CAL,CAL_M4,26
TYRE_0148,3,EXT,EXT_M1,27
TYRE_0148,4,BLD,BLD_M1,38
TYRE_0148,5,CUR,CUR_M4,63
TYRE_0148,6,FIN,FIN_M3,12
TYRE_0148,7,INS,INS_M2,26
TYRE_0149,1,MIX,MIX_M4,27
TYRE_0149,2,CAL,CAL_M3,41
TYRE_0149,3,EXT,EXT_M5,36
TYRE_0149,4,BLD,BLD_M5,23
TYRE_0149,5,CUR,CUR_M3,46
TYRE_0149,6,FIN,FIN_M4,21
TYRE_0149,7,INS,INS_M2,27
