order_id,product_id,quantity,order_date,due_date,priority
ORD_00000,TYRE_0036,56,2026-01-07,2026-01-10,H
ORD_00001,TYRE_0116,47,2026-01-29,2026-02-01,H
ORD_00002,TYRE_0132,46,2026-01-10,2026-01-15,M
ORD_00003,TYRE_0081,99,2026-01-23,2026-01-26,H
ORD_00004,TYRE_0086,95,2026-01-26,2026-02-02,M
ORD_00005,TYRE_0086,47,2026-01-03,2026-01-16,L
ORD_00006,TYRE_0106,81,2026-01-18,2026-01-22,M
ORD_00007,TYRE_0085,97,2026-01-25,2026-01-30,M
ORD_00008,TYRE_0086,97,2026-01-24,2026-01-27,H
ORD_00009,TYRE_0108,9,2026-01-13,2026-01-18,M
ORD_00010,TYRE_0061,61,2026-01-28,2026-01-29,H
ORD_00011,TYRE_0126,57,2026-01-26,2026-01-31,M
ORD_00012,TYRE_0009,95,2026-01-07,2026-01-15,L
ORD_00013,TYRE_0120,72,2026-01-25,2026-02-01,M
ORD_00014,TYRE_0012,74,2026-01-04,2026-01-10,M
ORD_00015,TYRE_0143,83,2026-01-13,2026-01-25,L
ORD_00016,TYRE_0102,33,2026-01-20,2026-01-26,M
ORD_00017,TYRE_0076,93,2026-01-01,2026-01-06,M
ORD_00018,TYRE_0081,41,2026-01-08,2026-01-14,M
ORD_00019,TYRE_0055,49,2026-01-14,2026-01-21,M
ORD_00020,TYRE_0037,96,2026-01-16,2026-01-22,M
ORD_00021,TYRE_0048,100,2026-01-14,2026-01-20,M
ORD_00022,TYRE_0120,76,2026-01-12,2026-01-24,L
ORD_00023,TYRE_0035,80,2026-01-19,2026-01-22,H
ORD_00024,TYRE_0116,86,2026-01-23,2026-01-28,M
ORD_00025,TYRE_0042,17,2026-01-15,2026-01-22,M
ORD_00026,TYRE_0035,25,2026-01-28,2026-01-31,H
ORD_00027,TYRE_0048,66,2026-01-02,2026-01-17,L
ORD_00028,TYRE_0073,16,2026-01-02,2026-01-06,M
ORD_00029,TYRE_0059,27,2026-01-23,2026-01-27,M
ORD_00030,TYRE_0108,55,2026-01-22,2026-01-23,H
ORD_00031,TYRE_0047,9,2026-01-19,2026-01-31,L
ORD_00032,TYRE_0080,41,2026-01-25,2026-01-31,M
ORD_00033,TYRE_0085,22,2026-01-26,2026-02-02,M
ORD_00034,TYRE_0119,47,2026-01-30,2026-02-03,M
ORD_00035,TYRE_0109,6,2026-01-29,2026-02-03,M
ORD_00036,TYRE_0075,27,2026-01-22,2026-01-27,M
ORD_00037,TYRE_0085,70,2026-01-26,2026-02-09,L
ORD_00038,TYRE_0135,22,2026-01-26,2026-01-31,M
ORD_00039,TYRE_0048,54,2026-01-22,2026-01-28,M
ORD_00040,TYRE_0143,43,2026-01-17,2026-01-23,M
ORD_00041,TYRE_0080,51,2026-01-20,2026-01-23,H
ORD_00042,TYRE_0015,44,2026-01-10,2026-01-17,M
ORD_00043,TYRE_0055,93,2026-01-06,2026-01-12,M
ORD_00044,TYRE_0048,83,2026-01-15,2026-01-28,L
ORD_00045,TYRE_0126,100,2026-01-22,2026-01-29,M
ORD_00046,TYRE_0095,73,2026-01-11,2026-01-18,M
ORD_00047,TYRE_0055,72,2026-01-28,2026-02-01,M
ORD_00048,TYRE_0061,12,2026-01-05,2026-01-09,M
ORD_00049,TYRE_0129,26,2026-01-01,2026-01-06,M
ORD_00050,TYRE_0118,96,2026-01-08,2026-01-13,M
ORD_00051,TYRE_0113,12,2026-01-21,2026-02-05,L
ORD_00052,TYRE_0118,76,2026-01-28,2026-02-01,M
ORD_00053,TYRE_0090,55,2026-01-12,2026-01-16,M
ORD_00054,TYRE_0043,10,2026-01-12,2026-01-16,M
ORD_00055,TYRE_0061,13,2026-01-05,2026-01-06,H
ORD_00056,TYRE_0120,28,2026-01-07,2026-01-09,H
ORD_00057,TYRE_0107,62,2026-01-04,2026-01-11,M
ORD_00058,TYRE_0096,88,2026-01-06,2026-01-11,M
ORD_00059,TYRE_0030,55,2026-01-13,2026-01-16,H
ORD_00060,TYRE_0119,7,2026-01-20,2026-01-28,L
ORD_00061,TYRE_0118,73,2026-01-30,2026-02-06,M
ORD_00062,TYRE_0102,24,2026-01-15,2026-01-21,M
ORD_00063,TYRE_0048,9,2026-01-03,2026-01-12,L
ORD_00064,TYRE_0107,35,2026-01-23,2026-01-27,M
ORD_00065,TYRE_0042,81,2026-01-08,2026-01-15,M
ORD_00066,TYRE_0012,56,2026-01-20,2026-01-24,M
ORD_00067,TYRE_0145,22,2026-01-16,2026-01-20,M
ORD_00068,TYRE_0025,78,2026-01-13,2026-01-19,M
ORD_00069,TYRE_0055,43,2026-01-18,2026-01-29,L
ORD_00070,TYRE_0133,40,2026-01-28,2026-02-03,M
ORD_00071,TYRE_0080,85,2026-01-10,2026-01-20,L
ORD_00072,TYRE_0142,87,2026-01-30,2026-02-05,M
ORD_00073,TYRE_0134,57,2026-01-19,2026-01-26,M
ORD_00074,TYRE_0135,65,2026-01-17,2026-01-20,H
ORD_00075,TYRE_0102,64,2026-01-24,2026-01-29,M
ORD_00076,TYRE_0143,76,2026-01-19,2026-01-26,M
ORD_00077,TYRE_0135,47,2026-01-28,2026-02-02,M
ORD_00078,TYRE_0048,16,2026-01-26,2026-02-01,M
ORD_00079,TYRE_0108,53,2026-01-23,2026-01-25,H
ORD_00080,TYRE_0010,80,2026-01-26,2026-02-06,L
ORD_00081,TYRE_0143,47,2026-01-05,2026-01-10,M
ORD_00082,TYRE_0048,99,2026-01-26,2026-01-27,H
ORD_00083,TYRE_0143,94,2026-01-21,2026-01-26,M
ORD_00084,TYRE_0120,75,2026-01-30,2026-02-04,M
ORD_00085,TYRE_0025,44,2026-01-23,2026-01-29,M
ORD_00086,TYRE_0118,17,2026-01-09,2026-01-24,L
ORD_00087,TYRE_0120,31,2026-01-12,2026-01-18,M
ORD_00088,TYRE_0112,99,2026-01-21,2026-01-22,H
ORD_00089,TYRE_0106,42,2026-01-01,2026-01-08,M
ORD_00090,TYRE_0124,68,2026-01-26,2026-01-31,M
ORD_00091,TYRE_0055,97,2026-01-26,2026-02-02,M
ORD_00092,TYRE_0086,26,2026-01-01,2026-01-07,M
ORD_00093,TYRE_0145,72,2026-01-15,2026-01-19,M
ORD_00094,TYRE_0149,11,2026-01-02,2026-01-05,H
ORD_00095,TYRE_0105,34,2026-01-30,2026-02-02,H
ORD_00096,TYRE_0126,63,2026-01-22,2026-01-25,H
ORD_00097,TYRE_0009,89,2026-01-16,2026-01-23,M
ORD_00098,TYRE_0043,6,2026-01-25,2026-02-01,M
ORD_00099,TYRE_0119,7,2026-01-08,2026-01-14,M
ORD_00100,TYRE_0061,18,2026-01-13,2026-01-18,M
ORD_00101,TYRE_0134,84,2026-01-21,2026-01-22,H
ORD_00102,TYRE_0108,15,2026-01-01,2026-01-08,M
ORD_00103,TYRE_0135,94,2026-01-16,2026-01-21,M
ORD_00104,TYRE_0055,88,2026-01-29,2026-02-07,L
ORD_00105,TYRE_0008,53,2026-01-07,2026-01-09,H
ORD_00106,TYRE_0116,15,2026-01-05,2026-01-10,M
ORD_00107,TYRE_0112,77,2026-01-22,2026-01-28,M
ORD_00108,TYRE_0024,34,2026-01-29,2026-02-06,L
ORD_00109,TYRE_0149,39,2026-01-23,2026-01-30,M
ORD_00110,TYRE_0113,74,2026-01-03,2026-01-09,M
ORD_00111,TYRE_0116,7,2026-01-12,2026-01-14,H
ORD_00112,TYRE_0036,14,2026-01-26,2026-02-02,M
ORD_00113,TYRE_0080,91,2026-01-16,2026-01-23,M
ORD_00114,TYRE_0084,93,2026-01-19,2026-01-24,M
ORD_00115,TYRE_0128,11,2026-01-05,2026-01-11,M
ORD_00116,TYRE_0102,82,2026-01-22,2026-02-04,L
ORD_00117,TYRE_0101,8,2026-01-25,2026-02-07,L
ORD_00118,TYRE_0090,34,2026-01-29,2026-02-13,L
ORD_00119,TYRE_0135,15,2026-01-14,2026-01-21,M
ORD_00120,TYRE_0075,15,2026-01-28,2026-02-01,M
ORD_00121,TYRE_0135,99,2026-01-05,2026-01-10,M
ORD_00122,TYRE_0014,44,2026-01-15,2026-01-16,H
ORD_00123,TYRE_0143,16,2026-01-17,2026-01-22,M
ORD_00124,TYRE_0109,18,2026-01-30,2026-02-06,M
ORD_00125,TYRE_0014,54,2026-01-14,2026-01-20,M
ORD_00126,TYRE_0112,97,2026-01-30,2026-02-03,M
ORD_00127,TYRE_0062,92,2026-01-20,2026-01-25,M
ORD_00128,TYRE_0126,68,2026-01-05,2026-01-11,M
ORD_00129,TYRE_0012,43,2026-01-12,2026-01-19,M
ORD_00130,TYRE_0113,97,2026-01-16,2026-01-21,M
ORD_00131,TYRE_0009,18,2026-01-26,2026-02-02,M
ORD_00132,TYRE_0043,84,2026-01-26,2026-02-08,L
ORD_00133,TYRE_0149,60,2026-01-16,2026-01-22,M
ORD_00134,TYRE_0034,66,2026-01-21,2026-01-26,M
ORD_00135,TYRE_0135,99,2026-01-07,2026-01-19,L
ORD_00136,TYRE_0125,46,2026-01-04,2026-01-15,L
ORD_00137,TYRE_0108,19,2026-01-01,2026-01-07,M
ORD_00138,TYRE_0051,92,2026-01-30,2026-02-04,M
ORD_00139,TYRE_0006,95,2026-01-30,2026-02-14,L
ORD_00140,TYRE_0090,57,2026-01-05,2026-01-09,M
ORD_00141,TYRE_0035,37,2026-01-23,2026-01-28,M
ORD_00142,TYRE_0108,62,2026-01-26,2026-01-30,M
ORD_00143,TYRE_0122,74,2026-01-10,2026-01-17,M
ORD_00144,TYRE_0014,18,2026-01-22,2026-01-26,M
ORD_00145,TYRE_0090,10,2026-01-05,2026-01-08,H
ORD_00146,TYRE_0085,47,2026-01-04,2026-01-11,M
ORD_00147,TYRE_0110,38,2026-01-02,2026-01-03,H
ORD_00148,TYRE_0119,62,2026-01-20,2026-01-25,M
ORD_00149,TYRE_0109,49,2026-01-10,2026-01-15,M
ORD_00150,TYRE_0123,15,2026-01-26,2026-01-28,H
ORD_00151,TYRE_0119,48,2026-01-19,2026-01-21,H
ORD_00152,TYRE_0120,65,2026-01-26,2026-02-01,M
ORD_00153,TYRE_0119,13,2026-01-01,2026-01-07,M
ORD_00154,TYRE_0090,48,2026-01-24,2026-01-28,M
ORD_00155,TYRE_0055,71,2026-01-05,2026-01-16,L
ORD_00156,TYRE_0012,64,2026-01-13,2026-01-20,M
ORD_00157,TYRE_0135,86,2026-01-04,2026-01-09,M
ORD_00158,TYRE_0101,30,2026-01-16,2026-01-19,H
ORD_00159,TYRE_0112,31,2026-01-24,2026-01-29,M
ORD_00160,TYRE_0061,78,2026-01-16,2026-01-25,L
ORD_00161,TYRE_0149,46,2026-01-23,2026-01-29,M
ORD_00162,TYRE_0042,72,2026-01-02,2026-01-09,M
ORD_00163,TYRE_0080,80,2026-01-17,2026-01-24,M
ORD_00164,TYRE_0014,91,2026-01-28,2026-02-07,L
ORD_00165,TYRE_0076,91,2026-01-27,2026-02-05,L
ORD_00166,TYRE_0042,28,2026-01-20,2026-01-24,M
ORD_00167,TYRE_0126,81,2026-01-24,2026-01-31,M
ORD_00168,TYRE_0135,86,2026-01-12,2026-01-19,M
ORD_00169,TYRE_0048,76,2026-01-18,2026-01-23,M
ORD_00170,TYRE_0025,62,2026-01-03,2026-01-05,H
ORD_00171,TYRE_0149,67,2026-01-28,2026-02-01,M
ORD_00172,TYRE_0108,57,2026-01-01,2026-01-08,M
ORD_00173,TYRE_0106,67,2026-01-01,2026-01-08,M
ORD_00174,TYRE_0080,42,2026-01-29,2026-01-30,H
ORD_00175,TYRE_0102,63,2026-01-19,2026-01-24,M
ORD_00176,TYRE_0143,78,2026-01-11,2026-01-15,M
ORD_00177,TYRE_0143,74,2026-01-05,2026-01-11,M
ORD_00178,TYRE_0010,74,2026-01-12,2026-01-19,M
ORD_00179,TYRE_0112,36,2026-01-03,2026-01-06,H
ORD_00180,TYRE_0116,16,2026-01-01,2026-01-07,M
ORD_00181,TYRE_0042,31,2026-01-01,2026-01-06,M
ORD_00182,TYRE_0089,26,2026-01-08,2026-01-22,L
ORD_00183,TYRE_0090,12,2026-01-10,2026-01-15,M
ORD_00184,TYRE_0145,46,2026-01-11,2026-01-16,M
ORD_00185,TYRE_0074,70,2026-01-12,2026-01-18,M
ORD_00186,TYRE_0024,12,2026-01-29,2026-01-31,H
ORD_00187,TYRE_0032,36,2026-01-13,2026-01-18,M
ORD_00188,TYRE_0124,67,2026-01-12,2026-01-26,L
ORD_00189,TYRE_0085,53,2026-01-14,2026-01-21,M
ORD_00190,TYRE_0085,56,2026-01-02,2026-01-06,M
ORD_00191,TYRE_0106,63,2026-01-29,2026-02-04,M
ORD_00192,TYRE_0083,98,2026-01-19,2026-01-23,M
ORD_00193,TYRE_0091,32,2026-01-18,2026-02-01,L
ORD_00194,TYRE_0054,41,2026-01-03,2026-01-09,M
ORD_00195,TYRE_0080,48,2026-01-23,2026-01-25,H
ORD_00196,TYRE_0012,63,2026-01-17,2026-01-20,H
ORD_00197,TYRE_0048,63,2026-01-26,2026-02-10,L
ORD_00198,TYRE_0112,88,2026-01-08,2026-01-13,M
ORD_00199,TYRE_0149,16,2026-01-29,2026-02-10,L
ORD_00200,TYRE_0064,88,2026-01-26,2026-01-29,H
ORD_00201,TYRE_0135,59,2026-01-10,2026-01-15,M
ORD_00202,TYRE_0024,14,2026-01-26,2026-01-28,H
ORD_00203,TYRE_0102,6,2026-01-30,2026-02-06,M
ORD_00204,TYRE_0124,93,2026-01-02,2026-01-16,L
ORD_00205,TYRE_0113,98,2026-01-19,2026-01-23,M
ORD_00206,TYRE_0026,22,2026-01-09,2026-01-15,M
ORD_00207,TYRE_0108,87,2026-01-07,2026-01-12,M
ORD_00208,TYRE_0036,6,2026-01-04,2026-01-07,H
ORD_00209,TYRE_0012,85,2026-01-26,2026-01-31,M
ORD_00210,TYRE_0105,32,2026-01-21,2026-01-28,M
ORD_00211,TYRE_0042,80,2026-01-18,2026-01-19,H
ORD_00212,TYRE_0089,22,2026-01-13,2026-01-26,L
ORD_00213,TYRE_0085,81,2026-01-11,2026-01-14,H
ORD_00214,TYRE_0009,89,2026-01-29,2026-02-02,M
ORD_00215,TYRE_0052,100,2026-01-24,2026-01-29,M
ORD_00216,TYRE_0085,68,2026-01-04,2026-01-05,H
ORD_00217,TYRE_0102,72,2026-01-25,2026-01-29,M
ORD_00218,TYRE_0003,21,2026-01-21,2026-02-03,L
ORD_00219,TYRE_0108,74,2026-01-29,2026-02-04,M
ORD_00220,TYRE_0120,7,2026-01-25,2026-02-03,L
ORD_00221,TYRE_0043,12,2026-01-04,2026-01-08,M
ORD_00222,TYRE_0101,59,2026-01-10,2026-01-17,M
ORD_00223,TYRE_0021,40,2026-01-05,2026-01-10,M
ORD_00224,TYRE_0113,24,2026-01-09,2026-01-14,M
ORD_00225,TYRE_0135,44,2026-01-24,2026-01-28,M
ORD_00226,TYRE_0061,60,2026-01-03,2026-01-04,H
ORD_00227,TYRE_0009,90,2026-01-17,2026-01-23,M
ORD_00228,TYRE_0044,22,2026-01-03,2026-01-06,H
ORD_00229,TYRE_0041,71,2026-01-16,2026-01-22,M
ORD_00230,TYRE_0108,52,2026-01-04,2026-01-09,M
ORD_00231,TYRE_0143,8,2026-01-18,2026-01-27,L
ORD_00232,TYRE_0112,38,2026-01-17,2026-01-21,M
ORD_00233,TYRE_0147,63,2026-01-07,2026-01-14,M
ORD_00234,TYRE_0116,52,2026-01-24,2026-01-29,M
ORD_00235,TYRE_0143,91,2026-01-23,2026-01-26,H
ORD_00236,TYRE_0058,10,2026-01-30,2026-02-03,M
ORD_00237,TYRE_0003,51,2026-01-05,2026-01-12,M
ORD_00238,TYRE_0126,75,2026-01-12,2026-01-13,H
ORD_00239,TYRE_0107,58,2026-01-17,2026-01-22,M
ORD_00240,TYRE_0081,78,2026-01-23,2026-01-27,M
ORD_00241,TYRE_0118,27,2026-01-13,2026-01-17,M
ORD_00242,TYRE_0118,13,2026-01-23,2026-02-06,L
ORD_00243,TYRE_0072,46,2026-01-25,2026-01-31,M
ORD_00244,TYRE_0109,42,2026-01-03,2026-01-04,H
ORD_00245,TYRE_0025,64,2026-01-09,2026-01-14,M
ORD_00246,TYRE_0086,98,2026-01-30,2026-02-10,L
ORD_00247,TYRE_0062,8,2026-01-17,2026-01-19,H
ORD_00248,TYRE_0014,47,2026-01-17,2026-01-21,M
ORD_00249,TYRE_0055,18,2026-01-30,2026-02-05,M
ORD_00250,TYRE_0102,23,2026-01-20,2026-01-24,M
ORD_00251,TYRE_0023,71,2026-01-16,2026-01-17,H
ORD_00252,TYRE_0138,79,2026-01-25,2026-01-29,M
ORD_00253,TYRE_0126,14,2026-01-22,2026-01-29,M
ORD_00254,TYRE_0116,35,2026-01-13,2026-01-18,M
ORD_00255,TYRE_0149,94,2026-01-27,2026-02-03,M
ORD_00256,TYRE_0083,34,2026-01-19,2026-01-25,M
ORD_00257,TYRE_0120,18,2026-01-17,2026-01-20,H
ORD_00258,TYRE_0012,57,2026-01-04,2026-01-10,M
ORD_00259,TYRE_0014,62,2026-01-12,2026-01-23,L
ORD_00260,TYRE_0106,25,2026-01-29,2026-02-07,L
ORD_00261,TYRE_0077,32,2026-01-09,2026-01-17,L
ORD_00262,TYRE_0083,36,2026-01-19,2026-01-22,H
ORD_00263,TYRE_0101,38,2026-01-12,2026-01-18,M
ORD_00264,TYRE_0044,62,2026-01-09,2026-01-11,H
ORD_00265,TYRE_0145,18,2026-01-07,2026-01-14,M
ORD_00266,TYRE_0035,33,2026-01-28,2026-01-29,H
ORD_00267,TYRE_0108,79,2026-01-14,2026-01-18,M
ORD_00268,TYRE_0048,13,2026-01-20,2026-01-28,L
ORD_00269,TYRE_0085,16,2026-01-19,2026-01-24,M
ORD_00270,TYRE_0084,11,2026-01-26,2026-01-28,H
ORD_00271,TYRE_0080,68,2026-01-15,2026-01-22,M
ORD_00272,TYRE_0055,32,2026-01-16,2026-01-22,M
ORD_00273,TYRE_0070,9,2026-01-21,2026-01-26,M
ORD_00274,TYRE_0009,68,2026-01-05,2026-01-11,M
ORD_00275,TYRE_0145,40,2026-01-03,2026-01-07,M
ORD_00276,TYRE_0112,36,2026-01-12,2026-01-15,H
ORD_00277,TYRE_0090,53,2026-01-25,2026-01-29,M
ORD_00278,TYRE_0091,49,2026-01-20,2026-01-27,M
ORD_00279,TYRE_0128,28,2026-01-27,2026-02-02,M
ORD_00280,TYRE_0009,12,2026-01-21,2026-01-27,M
ORD_00281,TYRE_0120,25,2026-01-04,2026-01-09,M
ORD_00282,TYRE_0055,33,2026-01-21,2026-01-25,M
ORD_00283,TYRE_0090,27,2026-01-23,2026-01-28,M
ORD_00284,TYRE_0124,80,2026-01-16,2026-01-29,L
ORD_00285,TYRE_0061,77,2026-01-25,2026-01-30,M
ORD_00286,TYRE_0126,67,2026-01-07,2026-01-12,M
ORD_00287,TYRE_0116,7,2026-01-13,2026-01-18,M
ORD_00288,TYRE_0043,21,2026-01-21,2026-01-26,M
ORD_00289,TYRE_0012,12,2026-01-10,2026-01-23,L
ORD_00290,TYRE_0080,19,2026-01-26,2026-01-31,M
ORD_00291,TYRE_0093,95,2026-01-07,2026-01-20,L
ORD_00292,TYRE_0101,43,2026-01-14,2026-01-20,M
ORD_00293,TYRE_0012,86,2026-01-26,2026-02-02,M
ORD_00294,TYRE_0081,93,2026-01-05,2026-01-08,H
ORD_00295,TYRE_0091,53,2026-01-03,2026-01-08,M
ORD_00296,TYRE_0061,98,2026-01-23,2026-01-28,M
ORD_00297,TYRE_0061,77,2026-01-29,2026-02-12,L
ORD_00298,TYRE_0009,86,2026-01-11,2026-01-16,M
ORD_00299,TYRE_0048,100,2026-01-11,2026-01-17,M
ORD_00300,TYRE_0014,86,2026-01-18,2026-01-28,L
ORD_00301,TYRE_0022,62,2026-01-15,2026-01-28,L
ORD_00302,TYRE_0120,49,2026-01-12,2026-01-16,M
ORD_00303,TYRE_0042,54,2026-01-09,2026-01-13,M
ORD_00304,TYRE_0112,68,2026-01-10,2026-01-24,L
ORD_00305,TYRE_0089,66,2026-01-26,2026-01-30,M
ORD_00306,TYRE_0147,25,2026-01-12,2026-01-17,M
ORD_00307,TYRE_0090,7,2026-01-17,2026-01-29,L
ORD_00308,TYRE_0042,53,2026-01-29,2026-01-30,H
ORD_00309,TYRE_0113,48,2026-01-06,2026-01-10,M
ORD_00310,TYRE_0009,60,2026-01-07,2026-01-15,L
ORD_00311,TYRE_0042,25,2026-01-14,2026-01-21,M
ORD_00312,TYRE_0124,57,2026-01-13,2026-01-18,M
ORD_00313,TYRE_0138,43,2026-01-08,2026-01-14,M
ORD_00314,TYRE_0116,24,2026-01-10,2026-01-17,M
ORD_00315,TYRE_0043,89,2026-01-09,2026-01-15,M
ORD_00316,TYRE_0086,31,2026-01-18,2026-01-19,H
ORD_00317,TYRE_0025,19,2026-01-27,2026-02-11,L
ORD_00318,TYRE_0135,16,2026-01-26,2026-02-01,M
ORD_00319,TYRE_0135,52,2026-01-02,2026-01-04,H
ORD_00320,TYRE_0116,38,2026-01-05,2026-01-12,M
ORD_00321,TYRE_0106,94,2026-01-29,2026-02-03,M
ORD_00322,TYRE_0021,80,2026-01-05,2026-01-12,M
ORD_00323,TYRE_0116,73,2026-01-06,2026-01-20,L
ORD_00324,TYRE_0121,65,2026-01-19,2026-01-24,M
ORD_00325,TYRE_0135,69,2026-01-08,2026-01-16,L
ORD_00326,TYRE_0118,20,2026-01-16,2026-01-26,L
ORD_00327,TYRE_0114,32,2026-01-13,2026-01-14,H
ORD_00328,TYRE_0032,92,2026-01-01,2026-01-02,H
ORD_00329,TYRE_0108,45,2026-01-22,2026-01-28,M
ORD_00330,TYRE_0017,55,2026-01-20,2026-01-23,H
ORD_00331,TYRE_0149,6,2026-01-17,2026-01-24,M
ORD_00332,TYRE_0133,58,2026-01-07,2026-01-11,M
ORD_00333,TYRE_0080,18,2026-01-25,2026-01-29,M
ORD_00334,TYRE_0042,57,2026-01-13,2026-01-19,M
ORD_00335,TYRE_0085,9,2026-01-04,2026-01-11,M
ORD_00336,TYRE_0135,92,2026-01-04,2026-01-07,H
ORD_00337,TYRE_0009,93,2026-01-06,2026-01-12,M
ORD_00338,TYRE_0119,52,2026-01-28,2026-02-03,M
ORD_00339,TYRE_0108,40,2026-01-19,2026-01-25,M
ORD_00340,TYRE_0025,22,2026-01-29,2026-02-09,L
ORD_00341,TYRE_0119,39,2026-01-12,2026-01-18,M
ORD_00342,TYRE_0022,57,2026-01-22,2026-01-23,H
ORD_00343,TYRE_0132,70,2026-01-07,2026-01-15,L
ORD_00344,TYRE_0016,22,2026-01-27,2026-02-03,M
ORD_00345,TYRE_0134,27,2026-01-10,2026-01-18,L
ORD_00346,TYRE_0108,36,2026-01-26,2026-01-30,M
ORD_00347,TYRE_0116,40,2026-01-19,2026-01-30,L
ORD_00348,TYRE_0109,92,2026-01-07,2026-01-11,M
ORD_00349,TYRE_0014,27,2026-01-30,2026-02-06,M
ORD_00350,TYRE_0121,49,2026-01-03,2026-01-09,M
ORD_00351,TYRE_0138,41,2026-01-13,2026-01-17,M
ORD_00352,TYRE_0116,32,2026-01-13,2026-01-16,H
ORD_00353,TYRE_0057,88,2026-01-18,2026-01-24,M
ORD_00354,TYRE_0043,65,2026-01-28,2026-02-05,L
ORD_00355,TYRE_0044,33,2026-01-30,2026-02-03,M
ORD_00356,TYRE_0090,59,2026-01-26,2026-02-07,L
ORD_00357,TYRE_0089,64,2026-01-20,2026-01-25,M
ORD_00358,TYRE_0118,79,2026-01-28,2026-02-11,L
ORD_00359,TYRE_0118,76,2026-01-08,2026-01-21,L
ORD_00360,TYRE_0009,66,2026-01-29,2026-02-02,M
ORD_00361,TYRE_0106,38,2026-01-09,2026-01-15,M
ORD_00362,TYRE_0076,35,2026-01-07,2026-01-10,H
ORD_00363,TYRE_0103,97,2026-01-01,2026-01-06,M
ORD_00364,TYRE_0086,58,2026-01-03,2026-01-15,L
ORD_00365,TYRE_0119,78,2026-01-13,2026-01-16,H
ORD_00366,TYRE_0087,92,2026-01-28,2026-02-02,M
ORD_00367,TYRE_0090,69,2026-01-30,2026-02-05,M
ORD_00368,TYRE_0012,42,2026-01-25,2026-02-04,L
ORD_00369,TYRE_0126,92,2026-01-28,2026-02-02,M
ORD_00370,TYRE_0022,100,2026-01-17,2026-01-22,M
ORD_00371,TYRE_0107,52,2026-01-25,2026-01-31,M
ORD_00372,TYRE_0025,65,2026-01-24,2026-01-28,M
ORD_00373,TYRE_0085,65,2026-01-01,2026-01-05,M
ORD_00374,TYRE_0128,53,2026-01-06,2026-01-09,H
ORD_00375,TYRE_0112,22,2026-01-21,2026-01-22,H
ORD_00376,TYRE_0087,23,2026-01-06,2026-01-13,M
ORD_00377,TYRE_0061,67,2026-01-26,2026-01-27,H
ORD_00378,TYRE_0012,5,2026-01-12,2026-01-16,M
ORD_00379,TYRE_0120,78,2026-01-13,2026-01-18,M
ORD_00380,TYRE_0125,21,2026-01-13,2026-01-17,M
ORD_00381,TYRE_0085,66,2026-01-29,2026-02-05,M
ORD_00382,TYRE_0116,6,2026-01-15,2026-01-21,M
ORD_00383,TYRE_0135,5,2026-01-21,2026-01-24,H
ORD_00384,TYRE_0102,44,2026-01-16,2026-01-22,M
ORD_00385,TYRE_0135,26,2026-01-22,2026-01-28,M
ORD_00386,TYRE_0116,63,2026-01-21,2026-01-27,M
ORD_00387,TYRE_0134,48,2026-01-11,2026-01-16,M
ORD_00388,TYRE_0125,26,2026-01-28,2026-02-02,M
ORD_00389,TYRE_0103,98,2026-01-05,2026-01-06,H
ORD_00390,TYRE_0054,20,2026-01-04,2026-01-09,M
ORD_00391,TYRE_0085,86,2026-01-03,2026-01-10,M
ORD_00392,TYRE_0145,89,2026-01-19,2026-01-23,M
ORD_00393,TYRE_0108,19,2026-01-20,2026-01-23,H
ORD_00394,TYRE_0135,65,2026-01-25,2026-01-27,H
ORD_00395,TYRE_0052,43,2026-01-18,2026-01-22,M
ORD_00396,TYRE_0042,84,2026-01-15,2026-01-21,M
ORD_00397,TYRE_0126,70,2026-01-09,2026-01-13,M
ORD_00398,TYRE_0030,68,2026-01-17,2026-01-21,M
ORD_00399,TYRE_0120,50,2026-01-14,2026-01-19,M
ORD_00400,TYRE_0075,68,2026-01-15,2026-01-18,H
ORD_00401,TYRE_0123,6,2026-01-01,2026-01-05,M
ORD_00402,TYRE_0028,24,2026-01-21,2026-02-05,L
ORD_00403,TYRE_0130,17,2026-01-22,2026-01-25,H
ORD_00404,TYRE_0059,38,2026-01-22,2026-01-28,M
ORD_00405,TYRE_0042,42,2026-01-03,2026-01-11,L
ORD_00406,TYRE_0055,17,2026-01-16,2026-01-20,M
ORD_00407,TYRE_0011,89,2026-01-23,2026-01-24,H
ORD_00408,TYRE_0124,84,2026-01-25,2026-02-01,M
ORD_00409,TYRE_0119,28,2026-01-11,2026-01-13,H
ORD_00410,TYRE_0135,54,2026-01-12,2026-01-24,L
ORD_00411,TYRE_0122,19,2026-01-10,2026-01-15,M
ORD_00412,TYRE_0119,18,2026-01-16,2026-01-17,H
ORD_00413,TYRE_0080,28,2026-01-08,2026-01-15,M
ORD_00414,TYRE_0143,92,2026-01-06,2026-01-10,M
ORD_00415,TYRE_0033,19,2026-01-12,2026-01-19,M
ORD_00416,TYRE_0112,88,2026-01-24,2026-01-26,H
ORD_00417,TYRE_0061,90,2026-01-28,2026-02-08,L
ORD_00418,TYRE_0132,60,2026-01-21,2026-01-25,M
ORD_00419,TYRE_0063,24,2026-01-08,2026-01-15,M
ORD_00420,TYRE_0142,6,2026-01-26,2026-02-03,L
ORD_00421,TYRE_0012,68,2026-01-28,2026-02-04,M
ORD_00422,TYRE_0019,35,2026-01-04,2026-01-10,M
ORD_00423,TYRE_0106,75,2026-01-26,2026-01-27,H
ORD_00424,TYRE_0135,63,2026-01-08,2026-01-17,L
ORD_00425,TYRE_0080,62,2026-01-26,2026-02-02,M
ORD_00426,TYRE_0086,18,2026-01-28,2026-02-01,M
ORD_00427,TYRE_0116,16,2026-01-18,2026-01-22,M
ORD_00428,TYRE_0077,88,2026-01-28,2026-02-08,L
ORD_00429,TYRE_0087,33,2026-01-28,2026-02-01,M
ORD_00430,TYRE_0084,96,2026-01-05,2026-01-12,M
ORD_00431,TYRE_0115,33,2026-01-09,2026-01-12,H
ORD_00432,TYRE_0014,75,2026-01-04,2026-01-16,L
ORD_00433,TYRE_0061,68,2026-01-27,2026-01-28,H
ORD_00434,TYRE_0061,18,2026-01-22,2026-01-29,M
ORD_00435,TYRE_0120,32,2026-01-17,2026-01-19,H
ORD_00436,TYRE_0090,18,2026-01-09,2026-01-11,H
ORD_00437,TYRE_0011,62,2026-01-01,2026-01-10,L
ORD_00438,TYRE_0080,68,2026-01-21,2026-01-31,L
ORD_00439,TYRE_0119,79,2026-01-20,2026-01-22,H
ORD_00440,TYRE_0118,93,2026-01-13,2026-01-18,M
ORD_00441,TYRE_0119,54,2026-01-28,2026-02-06,L
ORD_00442,TYRE_0082,58,2026-01-16,2026-01-23,M
ORD_00443,TYRE_0063,42,2026-01-29,2026-02-04,M
ORD_00444,TYRE_0126,94,2026-01-13,2026-01-16,H
ORD_00445,TYRE_0131,96,2026-01-14,2026-01-20,M
ORD_00446,TYRE_0141,31,2026-01-03,2026-01-08,M
ORD_00447,TYRE_0025,95,2026-01-29,2026-02-03,M
ORD_00448,TYRE_0045,95,2026-01-06,2026-01-12,M
ORD_00449,TYRE_0014,91,2026-01-18,2026-01-25,M
ORD_00450,TYRE_0136,6,2026-01-19,2026-01-26,M
ORD_00451,TYRE_0043,90,2026-01-05,2026-01-09,M
ORD_00452,TYRE_0106,41,2026-01-15,2026-01-20,M
ORD_00453,TYRE_0037,31,2026-01-25,2026-02-06,L
ORD_00454,TYRE_0008,18,2026-01-02,2026-01-09,M
ORD_00455,TYRE_0055,100,2026-01-10,2026-01-15,M
ORD_00456,TYRE_0135,93,2026-01-24,2026-01-30,M
ORD_00457,TYRE_0097,75,2026-01-30,2026-02-05,M
ORD_00458,TYRE_0119,33,2026-01-18,2026-01-25,M
ORD_00459,TYRE_0094,97,2026-01-27,2026-02-01,M
ORD_00460,TYRE_0075,28,2026-01-13,2026-01-17,M
ORD_00461,TYRE_0131,59,2026-01-05,2026-01-06,H
ORD_00462,TYRE_0106,37,2026-01-23,2026-01-26,H
ORD_00463,TYRE_0109,10,2026-01-24,2026-01-29,M
ORD_00464,TYRE_0124,67,2026-01-01,2026-01-07,M
ORD_00465,TYRE_0140,72,2026-01-22,2026-01-28,M
ORD_00466,TYRE_0012,58,2026-01-01,2026-01-06,M
ORD_00467,TYRE_0135,32,2026-01-18,2026-01-19,H
ORD_00468,TYRE_0084,84,2026-01-15,2026-01-20,M
ORD_00469,TYRE_0145,19,2026-01-17,2026-01-25,L
ORD_00470,TYRE_0114,10,2026-01-11,2026-01-16,M
ORD_00471,TYRE_0082,54,2026-01-21,2026-01-25,M
ORD_00472,TYRE_0119,70,2026-01-26,2026-02-01,M
ORD_00473,TYRE_0114,88,2026-01-25,2026-01-31,M
ORD_00474,TYRE_0118,26,2026-01-22,2026-01-23,H
ORD_00475,TYRE_0137,31,2026-01-27,2026-01-31,M
ORD_00476,TYRE_0054,18,2026-01-27,2026-02-10,L
ORD_00477,TYRE_0108,87,2026-01-17,2026-01-24,M
ORD_00478,TYRE_0018,8,2026-01-13,2026-01-18,M
ORD_00479,TYRE_0124,11,2026-01-01,2026-01-02,H
ORD_00480,TYRE_0106,38,2026-01-02,2026-01-07,M
ORD_00481,TYRE_0109,45,2026-01-09,2026-01-16,M
ORD_00482,TYRE_0055,87,2026-01-03,2026-01-04,H
ORD_00483,TYRE_0016,94,2026-01-01,2026-01-05,M
ORD_00484,TYRE_0091,42,2026-01-21,2026-01-30,L
ORD_00485,TYRE_0077,61,2026-01-16,2026-01-22,M
ORD_00486,TYRE_0108,25,2026-01-23,2026-01-30,M
ORD_00487,TYRE_0126,86,2026-01-06,2026-01-12,M
ORD_00488,TYRE_0055,6,2026-01-28,2026-02-10,L
ORD_00489,TYRE_0145,5,2026-01-17,2026-01-18,H
ORD_00490,TYRE_0135,44,2026-01-05,2026-01-09,M
ORD_00491,TYRE_0119,32,2026-01-05,2026-01-18,L
ORD_00492,TYRE_0085,25,2026-01-06,2026-01-16,L
ORD_00493,TYRE_0009,19,2026-01-03,2026-01-14,L
ORD_00494,TYRE_0090,75,2026-01-21,2026-01-25,M
ORD_00495,TYRE_0145,13,2026-01-23,2026-01-26,H
ORD_00496,TYRE_0120,47,2026-01-05,2026-01-12,M
ORD_00497,TYRE_0055,41,2026-01-21,2026-01-25,M
ORD_00498,TYRE_0138,62,2026-01-05,2026-01-07,H
ORD_00499,TYRE_0055,77,2026-01-10,2026-01-15,M
ORD_00500,TYRE_0090,26,2026-01-10,2026-01-17,M
ORD_00501,TYRE_0102,40,2026-01-19,2026-01-26,M
ORD_00502,TYRE_0034,66,2026-01-17,2026-01-23,M
ORD_00503,TYRE_0014,75,2026-01-21,2026-01-28,M
ORD_00504,TYRE_0085,22,2026-01-14,2026-01-20,M
ORD_00505,TYRE_0050,98,2026-01-09,2026-01-13,M
ORD_00506,TYRE_0043,79,2026-01-14,2026-01-22,L
ORD_00507,TYRE_0143,75,2026-01-01,2026-01-05,M
ORD_00508,TYRE_0138,88,2026-01-19,2026-02-03,L
ORD_00509,TYRE_0093,22,2026-01-13,2026-01-19,M
ORD_00510,TYRE_0118,69,2026-01-13,2026-01-15,H
ORD_00511,TYRE_0102,70,2026-01-04,2026-01-14,L
ORD_00512,TYRE_0012,89,2026-01-30,2026-02-02,H
ORD_00513,TYRE_0037,50,2026-01-01,2026-01-08,M
ORD_00514,TYRE_0143,38,2026-01-17,2026-01-21,M
ORD_00515,TYRE_0116,54,2026-01-08,2026-01-14,M
ORD_00516,TYRE_0109,88,2026-01-02,2026-01-10,L
ORD_00517,TYRE_0061,99,2026-01-28,2026-02-09,L
ORD_00518,TYRE_0145,88,2026-01-08,2026-01-15,M
ORD_00519,TYRE_0080,71,2026-01-07,2026-01-11,M
ORD_00520,TYRE_0048,50,2026-01-26,2026-02-02,M
ORD_00521,TYRE_0088,82,2026-01-26,2026-02-02,M
ORD_00522,TYRE_0138,34,2026-01-02,2026-01-03,H
ORD_00523,TYRE_0085,28,2026-01-22,2026-01-27,M
ORD_00524,TYRE_0009,89,2026-01-22,2026-01-26,M
ORD_00525,TYRE_0090,66,2026-01-03,2026-01-07,M
ORD_00526,TYRE_0122,87,2026-01-27,2026-02-01,M
ORD_00527,TYRE_0005,78,2026-01-18,2026-01-23,M
ORD_00528,TYRE_0126,78,2026-01-12,2026-01-16,M
ORD_00529,TYRE_0012,71,2026-01-01,2026-01-06,M
ORD_00530,TYRE_0144,15,2026-01-22,2026-01-28,M
ORD_00531,TYRE_0009,26,2026-01-12,2026-01-27,L
ORD_00532,TYRE_0112,84,2026-01-05,2026-01-10,M
ORD_00533,TYRE_0067,48,2026-01-30,2026-02-02,H
ORD_00534,TYRE_0017,21,2026-01-30,2026-02-06,M
ORD_00535,TYRE_0120,24,2026-01-27,2026-02-03,M
ORD_00536,TYRE_0012,73,2026-01-25,2026-01-29,M
ORD_00537,TYRE_0042,21,2026-01-17,2026-01-20,H
ORD_00538,TYRE_0138,71,2026-01-16,2026-01-30,L
ORD_00539,TYRE_0149,59,2026-01-15,2026-01-18,H
ORD_00540,TYRE_0090,49,2026-01-23,2026-01-30,M
ORD_00541,TYRE_0119,59,2026-01-15,2026-01-24,L
ORD_00542,TYRE_0086,41,2026-01-05,2026-01-09,M
ORD_00543,TYRE_0145,5,2026-01-21,2026-01-26,M
ORD_00544,TYRE_0001,71,2026-01-14,2026-01-18,M
ORD_00545,TYRE_0085,57,2026-01-02,2026-01-08,M
ORD_00546,TYRE_0126,38,2026-01-11,2026-01-17,M
ORD_00547,TYRE_0108,92,2026-01-19,2026-01-25,M
ORD_00548,TYRE_0120,27,2026-01-07,2026-01-14,M
ORD_00549,TYRE_0145,78,2026-01-06,2026-01-12,M
ORD_00550,TYRE_0061,89,2026-01-28,2026-02-02,M
ORD_00551,TYRE_0102,17,2026-01-02,2026-01-07,M
ORD_00552,TYRE_0135,25,2026-01-06,2026-01-10,M
ORD_00553,TYRE_0085,23,2026-01-18,2026-01-19,H
ORD_00554,TYRE_0009,38,2026-01-02,2026-01-06,M
ORD_00555,TYRE_0113,56,2026-01-18,2026-01-25,M
ORD_00556,TYRE_0118,27,2026-01-30,2026-02-03,M
ORD_00557,TYRE_0109,71,2026-01-15,2026-01-18,H
ORD_00558,TYRE_0116,83,2026-01-27,2026-02-01,M
ORD_00559,TYRE_0116,25,2026-01-19,2026-01-23,M
ORD_00560,TYRE_0106,90,2026-01-02,2026-01-08,M
ORD_00561,TYRE_0080,99,2026-01-20,2026-01-24,M
ORD_00562,TYRE_0023,49,2026-01-25,2026-01-31,M
ORD_00563,TYRE_0070,63,2026-01-06,2026-01-11,M
ORD_00564,TYRE_0147,57,2026-01-01,2026-01-02,H
ORD_00565,TYRE_0145,48,2026-01-24,2026-01-26,H
ORD_00566,TYRE_0131,93,2026-01-15,2026-01-27,L
ORD_00567,TYRE_0135,48,2026-01-28,2026-02-02,M
ORD_00568,TYRE_0117,66,2026-01-30,2026-02-03,M
ORD_00569,TYRE_0113,91,2026-01-23,2026-01-28,M
ORD_00570,TYRE_0080,71,2026-01-10,2026-01-16,M
ORD_00571,TYRE_0061,41,2026-01-19,2026-01-30,L
ORD_00572,TYRE_0055,14,2026-01-17,2026-01-23,M
ORD_00573,TYRE_0012,32,2026-01-05,2026-01-11,M
ORD_00574,TYRE_0068,92,2026-01-29,2026-02-01,H
ORD_00575,TYRE_0048,35,2026-01-04,2026-01-09,M
ORD_00576,TYRE_0067,36,2026-01-10,2026-01-15,M
ORD_00577,TYRE_0091,20,2026-01-24,2026-01-25,H
ORD_00578,TYRE_0126,66,2026-01-17,2026-01-21,M
ORD_00579,TYRE_0124,67,2026-01-10,2026-01-16,M
ORD_00580,TYRE_0143,55,2026-01-17,2026-01-29,L
ORD_00581,TYRE_0080,59,2026-01-28,2026-01-31,H
ORD_00582,TYRE_0145,55,2026-01-20,2026-01-22,H
ORD_00583,TYRE_0044,94,2026-01-24,2026-01-28,M
ORD_00584,TYRE_0124,91,2026-01-05,2026-01-09,M
ORD_00585,TYRE_0080,83,2026-01-02,2026-01-04,H
ORD_00586,TYRE_0047,39,2026-01-06,2026-01-11,M
ORD_00587,TYRE_0009,68,2026-01-21,2026-01-26,M
ORD_00588,TYRE_0112,51,2026-01-02,2026-01-08,M
ORD_00589,TYRE_0071,78,2026-01-13,2026-01-18,M
ORD_00590,TYRE_0025,76,2026-01-30,2026-02-04,M
ORD_00591,TYRE_0135,24,2026-01-11,2026-01-14,H
ORD_00592,TYRE_0043,22,2026-01-11,2026-01-13,H
ORD_00593,TYRE_0132,67,2026-01-16,2026-01-22,M
ORD_00594,TYRE_0145,55,2026-01-11,2026-01-19,L
ORD_00595,TYRE_0012,65,2026-01-19,2026-01-21,H
ORD_00596,TYRE_0024,38,2026-01-15,2026-01-21,M
ORD_00597,TYRE_0145,49,2026-01-25,2026-01-31,M
ORD_00598,TYRE_0042,78,2026-01-23,2026-01-28,M
ORD_00599,TYRE_0085,50,2026-01-23,2026-01-29,M
ORD_00600,TYRE_0118,15,2026-01-16,2026-01-23,M
ORD_00601,TYRE_0025,26,2026-01-11,2026-01-16,M
ORD_00602,TYRE_0048,14,2026-01-22,2026-01-29,M
ORD_00603,TYRE_0124,88,2026-01-16,2026-01-22,M
ORD_00604,TYRE_0106,39,2026-01-08,2026-01-15,M
ORD_00605,TYRE_0092,57,2026-01-04,2026-01-11,M
ORD_00606,TYRE_0149,35,2026-01-08,2026-01-11,H
ORD_00607,TYRE_0020,18,2026-01-04,2026-01-11,M
ORD_00608,TYRE_0048,8,2026-01-24,2026-02-01,L
ORD_00609,TYRE_0134,18,2026-01-25,2026-01-29,M
ORD_00610,TYRE_0126,44,2026-01-03,2026-01-05,H
ORD_00611,TYRE_0119,21,2026-01-03,2026-01-08,M
ORD_00612,TYRE_0012,50,2026-01-27,2026-01-30,H
ORD_00613,TYRE_0083,74,2026-01-29,2026-02-13,L
ORD_00614,TYRE_0140,80,2026-01-18,2026-01-23,M
ORD_00615,TYRE_0085,72,2026-01-29,2026-02-05,M
ORD_00616,TYRE_0145,66,2026-01-26,2026-02-01,M
ORD_00617,TYRE_0090,51,2026-01-19,2026-01-21,H
ORD_00618,TYRE_0126,71,2026-01-19,2026-01-23,M
ORD_00619,TYRE_0034,73,2026-01-21,2026-01-28,M
ORD_00620,TYRE_0048,43,2026-01-05,2026-01-12,M
ORD_00621,TYRE_0112,5,2026-01-18,2026-01-23,M
ORD_00622,TYRE_0120,55,2026-01-28,2026-02-04,M
ORD_00623,TYRE_0061,53,2026-01-10,2026-01-17,M
ORD_00624,TYRE_0113,71,2026-01-29,2026-02-03,M
ORD_00625,TYRE_0069,57,2026-01-22,2026-01-28,M
ORD_00626,TYRE_0113,19,2026-01-21,2026-01-23,H
ORD_00627,TYRE_0009,29,2026-01-06,2026-01-13,M
ORD_00628,TYRE_0126,7,2026-01-01,2026-01-04,H
ORD_00629,TYRE_0042,96,2026-01-05,2026-01-10,M
ORD_00630,TYRE_0043,6,2026-01-09,2026-01-14,M
ORD_00631,TYRE_0124,52,2026-01-12,2026-01-19,M
ORD_00632,TYRE_0090,23,2026-01-26,2026-01-27,H
ORD_00633,TYRE_0143,28,2026-01-14,2026-01-21,M
ORD_00634,TYRE_0108,6,2026-01-02,2026-01-09,M
ORD_00635,TYRE_0143,61,2026-01-17,2026-01-24,M
ORD_00636,TYRE_0116,17,2026-01-14,2026-01-17,H
ORD_00637,TYRE_0120,46,2026-01-26,2026-02-01,M
ORD_00638,TYRE_0119,71,2026-01-13,2026-01-16,H
ORD_00639,TYRE_0086,51,2026-01-27,2026-02-01,M
ORD_00640,TYRE_0055,86,2026-01-09,2026-01-20,L
ORD_00641,TYRE_0043,79,2026-01-26,2026-01-28,H
ORD_00642,TYRE_0090,79,2026-01-25,2026-01-29,M
ORD_00643,TYRE_0121,52,2026-01-15,2026-01-20,M
ORD_00644,TYRE_0063,92,2026-01-25,2026-01-26,H
ORD_00645,TYRE_0048,12,2026-01-22,2026-01-30,L
ORD_00646,TYRE_0126,21,2026-01-15,2026-01-19,M
ORD_00647,TYRE_0124,61,2026-01-24,2026-02-06,L
ORD_00648,TYRE_0005,97,2026-01-30,2026-02-05,M
ORD_00649,TYRE_0138,61,2026-01-11,2026-01-14,H
ORD_00650,TYRE_0145,77,2026-01-16,2026-01-21,M
ORD_00651,TYRE_0014,40,2026-01-29,2026-02-05,M
ORD_00652,TYRE_0141,24,2026-01-17,2026-01-20,H
ORD_00653,TYRE_0108,63,2026-01-26,2026-02-01,M
ORD_00654,TYRE_0085,7,2026-01-04,2026-01-09,M
ORD_00655,TYRE_0014,46,2026-01-01,2026-01-06,M
ORD_00656,TYRE_0137,72,2026-01-08,2026-01-19,L
ORD_00657,TYRE_0141,46,2026-01-17,2026-01-19,H
ORD_00658,TYRE_0124,89,2026-01-03,2026-01-06,H
ORD_00659,TYRE_0108,9,2026-01-29,2026-02-08,L
ORD_00660,TYRE_0086,78,2026-01-20,2026-01-21,H
ORD_00661,TYRE_0135,11,2026-01-15,2026-01-21,M
ORD_00662,TYRE_0009,31,2026-01-15,2026-01-19,M
ORD_00663,TYRE_0020,51,2026-01-24,2026-01-28,M
ORD_00664,TYRE_0138,95,2026-01-22,2026-01-28,M
ORD_00665,TYRE_0009,98,2026-01-14,2026-01-18,M
ORD_00666,TYRE_0025,71,2026-01-26,2026-01-27,H
ORD_00667,TYRE_0119,29,2026-01-28,2026-02-04,M
ORD_00668,TYRE_0055,76,2026-01-23,2026-01-28,M
ORD_00669,TYRE_0106,91,2026-01-14,2026-01-20,M
ORD_00670,TYRE_0055,26,2026-01-24,2026-01-28,M
ORD_00671,TYRE_0140,89,2026-01-02,2026-01-08,M
ORD_00672,TYRE_0009,45,2026-01-13,2026-01-19,M
ORD_00673,TYRE_0124,86,2026-01-26,2026-02-09,L
ORD_00674,TYRE_0119,77,2026-01-14,2026-01-19,M
ORD_00675,TYRE_0135,51,2026-01-27,2026-02-02,M
ORD_00676,TYRE_0114,97,2026-01-24,2026-02-01,L
ORD_00677,TYRE_0025,43,2026-01-19,2026-01-24,M
ORD_00678,TYRE_0102,7,2026-01-07,2026-01-13,M
ORD_00679,TYRE_0070,17,2026-01-03,2026-01-13,L
ORD_00680,TYRE_0014,51,2026-01-15,2026-01-17,H
ORD_00681,TYRE_0063,16,2026-01-23,2026-01-29,M
ORD_00682,TYRE_0080,97,2026-01-14,2026-01-23,L
ORD_00683,TYRE_0086,94,2026-01-11,2026-01-14,H
ORD_00684,TYRE_0048,43,2026-01-15,2026-01-18,H
ORD_00685,TYRE_0090,12,2026-01-28,2026-02-01,M
ORD_00686,TYRE_0085,58,2026-01-13,2026-01-20,M
ORD_00687,TYRE_0030,100,2026-01-18,2026-01-29,L
ORD_00688,TYRE_0002,11,2026-01-26,2026-02-02,M
ORD_00689,TYRE_0116,46,2026-01-06,2026-01-11,M
ORD_00690,TYRE_0102,98,2026-01-03,2026-01-06,H
ORD_00691,TYRE_0114,33,2026-01-19,2026-01-23,M
ORD_00692,TYRE_0090,48,2026-01-15,2026-01-20,M
ORD_00693,TYRE_0080,38,2026-01-25,2026-02-01,M
ORD_00694,TYRE_0118,22,2026-01-23,2026-01-28,M
ORD_00695,TYRE_0120,76,2026-01-05,2026-01-10,M
ORD_00696,TYRE_0119,14,2026-01-28,2026-02-02,M
ORD_00697,TYRE_0112,19,2026-01-10,2026-01-14,M
ORD_00698,TYRE_0108,46,2026-01-07,2026-01-12,M
ORD_00699,TYRE_0085,26,2026-01-25,2026-01-27,H
ORD_00700,TYRE_0113,10,2026-01-17,2026-01-24,M
ORD_00701,TYRE_0059,24,2026-01-07,2026-01-09,H
ORD_00702,TYRE_0021,36,2026-01-22,2026-01-23,H
ORD_00703,TYRE_0037,6,2026-01-26,2026-02-07,L
ORD_00704,TYRE_0090,65,2026-01-30,2026-02-01,H
ORD_00705,TYRE_0120,31,2026-01-12,2026-01-17,M
ORD_00706,TYRE_0143,84,2026-01-25,2026-02-01,M
ORD_00707,TYRE_0036,53,2026-01-17,2026-01-21,M
ORD_00708,TYRE_0055,26,2026-01-13,2026-01-19,M
ORD_00709,TYRE_0120,11,2026-01-20,2026-01-26,M
ORD_00710,TYRE_0043,39,2026-01-25,2026-01-28,H
ORD_00711,TYRE_0092,42,2026-01-04,2026-01-12,L
ORD_00712,TYRE_0098,70,2026-01-10,2026-01-17,M
ORD_00713,TYRE_0025,81,2026-01-03,2026-01-18,L
ORD_00714,TYRE_0012,76,2026-01-09,2026-01-11,H
ORD_00715,TYRE_0005,44,2026-01-13,2026-01-16,H
ORD_00716,TYRE_0135,49,2026-01-18,2026-01-22,M
ORD_00717,TYRE_0090,69,2026-01-15,2026-01-20,M
ORD_00718,TYRE_0116,8,2026-01-04,2026-01-11,M
ORD_00719,TYRE_0071,55,2026-01-15,2026-01-21,M
ORD_00720,TYRE_0022,58,2026-01-22,2026-01-27,M
ORD_00721,TYRE_0126,82,2026-01-02,2026-01-08,M
ORD_00722,TYRE_0145,22,2026-01-15,2026-01-18,H
ORD_00723,TYRE_0055,44,2026-01-08,2026-01-18,L
ORD_00724,TYRE_0134,23,2026-01-08,2026-01-22,L
ORD_00725,TYRE_0144,13,2026-01-17,2026-01-30,L
ORD_00726,TYRE_0119,23,2026-01-12,2026-01-14,H
ORD_00727,TYRE_0081,57,2026-01-19,2026-02-02,L
ORD_00728,TYRE_0119,24,2026-01-10,2026-01-22,L
ORD_00729,TYRE_0027,83,2026-01-09,2026-01-10,H
ORD_00730,TYRE_0009,81,2026-01-05,2026-01-10,M
ORD_00731,TYRE_0055,93,2026-01-06,2026-01-07,H
ORD_00732,TYRE_0034,96,2026-01-20,2026-01-27,M
ORD_00733,TYRE_0012,65,2026-01-26,2026-02-10,L
ORD_00734,TYRE_0120,6,2026-01-02,2026-01-09,M
ORD_00735,TYRE_0105,31,2026-01-27,2026-02-01,M
ORD_00736,TYRE_0048,83,2026-01-24,2026-02-08,L
ORD_00737,TYRE_0124,59,2026-01-27,2026-02-07,L
ORD_00738,TYRE_0116,97,2026-01-13,2026-01-20,M
ORD_00739,TYRE_0009,71,2026-01-06,2026-01-14,L
ORD_00740,TYRE_0109,36,2026-01-05,2026-01-13,L
ORD_00741,TYRE_0135,76,2026-01-25,2026-02-02,L
ORD_00742,TYRE_0143,29,2026-01-01,2026-01-05,M
ORD_00743,TYRE_0135,64,2026-01-21,2026-02-02,L
ORD_00744,TYRE_0025,93,2026-01-22,2026-01-26,M
ORD_00745,TYRE_0126,16,2026-01-21,2026-01-28,M
ORD_00746,TYRE_0028,94,2026-01-06,2026-01-09,H
ORD_00747,TYRE_0135,8,2026-01-06,2026-01-13,M
ORD_00748,TYRE_0080,63,2026-01-23,2026-02-03,L
ORD_00749,TYRE_0124,96,2026-01-16,2026-01-21,M
ORD_00750,TYRE_0023,86,2026-01-04,2026-01-06,H
ORD_00751,TYRE_0118,53,2026-01-30,2026-02-04,M
ORD_00752,TYRE_0116,77,2026-01-11,2026-01-17,M
ORD_00753,TYRE_0038,27,2026-01-30,2026-01-31,H
ORD_00754,TYRE_0013,98,2026-01-30,2026-02-05,M
ORD_00755,TYRE_0114,20,2026-01-30,2026-02-04,M
ORD_00756,TYRE_0051,6,2026-01-24,2026-01-26,H
ORD_00757,TYRE_0149,82,2026-01-23,2026-01-27,M
ORD_00758,TYRE_0060,63,2026-01-09,2026-01-16,M
ORD_00759,TYRE_0113,36,2026-01-23,2026-01-27,M
ORD_00760,TYRE_0071,11,2026-01-03,2026-01-08,M
ORD_00761,TYRE_0116,23,2026-01-19,2026-01-23,M
ORD_00762,TYRE_0147,47,2026-01-08,2026-01-20,L
ORD_00763,TYRE_0012,25,2026-01-05,2026-01-06,H
ORD_00764,TYRE_0146,63,2026-01-04,2026-01-09,M
ORD_00765,TYRE_0092,43,2026-01-24,2026-02-02,L
ORD_00766,TYRE_0138,59,2026-01-06,2026-01-10,M
ORD_00767,TYRE_0016,20,2026-01-02,2026-01-07,M
ORD_00768,TYRE_0070,72,2026-01-20,2026-01-27,M
ORD_00769,TYRE_0120,78,2026-01-28,2026-02-01,M
ORD_00770,TYRE_0135,97,2026-01-11,2026-01-26,L
ORD_00771,TYRE_0073,38,2026-01-04,2026-01-10,M
ORD_00772,TYRE_0009,83,2026-01-15,2026-01-20,M
ORD_00773,TYRE_0118,68,2026-01-06,2026-01-13,M
ORD_00774,TYRE_0059,5,2026-01-22,2026-01-27,M
ORD_00775,TYRE_0109,99,2026-01-17,2026-01-21,M
ORD_00776,TYRE_0106,49,2026-01-30,2026-02-05,M
ORD_00777,TYRE_0085,93,2026-01-24,2026-01-29,M
ORD_00778,TYRE_0090,69,2026-01-06,2026-01-08,H
ORD_00779,TYRE_0143,47,2026-01-19,2026-01-22,H
ORD_00780,TYRE_0119,27,2026-01-30,2026-02-03,M
ORD_00781,TYRE_0108,65,2026-01-25,2026-02-01,M
ORD_00782,TYRE_0034,73,2026-01-02,2026-01-09,M
ORD_00783,TYRE_0118,100,2026-01-15,2026-01-22,M
ORD_00784,TYRE_0118,76,2026-01-11,2026-01-17,M
ORD_00785,TYRE_0120,50,2026-01-08,2026-01-14,M
ORD_00786,TYRE_0126,48,2026-01-26,2026-01-30,M
ORD_00787,TYRE_0136,28,2026-01-19,2026-02-02,L
ORD_00788,TYRE_0149,95,2026-01-13,2026-01-19,M
ORD_00789,TYRE_0008,68,2026-01-12,2026-01-16,M
ORD_00790,TYRE_0095,32,2026-01-05,2026-01-11,M
ORD_00791,TYRE_0012,30,2026-01-06,2026-01-07,H
ORD_00792,TYRE_0113,69,2026-01-26,2026-02-02,M
ORD_00793,TYRE_0124,46,2026-01-22,2026-02-03,L
ORD_00794,TYRE_0149,91,2026-01-04,2026-01-07,H
ORD_00795,TYRE_0052,54,2026-01-19,2026-01-26,M
ORD_00796,TYRE_0133,10,2026-01-20,2026-01-22,H
ORD_00797,TYRE_0022,18,2026-01-01,2026-01-05,M
ORD_00798,TYRE_0055,78,2026-01-20,2026-01-24,M
ORD_00799,TYRE_0053,41,2026-01-17,2026-01-22,M
ORD_00800,TYRE_0124,39,2026-01-12,2026-01-16,M
ORD_00801,TYRE_0106,76,2026-01-15,2026-01-18,H
ORD_00802,TYRE_0120,39,2026-01-01,2026-01-07,M
ORD_00803,TYRE_0061,26,2026-01-26,2026-02-06,L
ORD_00804,TYRE_0009,11,2026-01-14,2026-01-29,L
ORD_00805,TYRE_0086,18,2026-01-06,2026-01-14,L
ORD_00806,TYRE_0113,95,2026-01-05,2026-01-10,M
ORD_00807,TYRE_0080,83,2026-01-30,2026-02-06,M
ORD_00808,TYRE_0124,64,2026-01-11,2026-01-20,L
ORD_00809,TYRE_0113,17,2026-01-04,2026-01-19,L
ORD_00810,TYRE_0055,65,2026-01-13,2026-01-20,M
ORD_00811,TYRE_0102,38,2026-01-11,2026-01-14,H
ORD_00812,TYRE_0100,47,2026-01-03,2026-01-06,H
ORD_00813,TYRE_0083,13,2026-01-01,2026-01-05,M
ORD_00814,TYRE_0014,41,2026-01-06,2026-01-11,M
ORD_00815,TYRE_0147,56,2026-01-18,2026-01-19,H
ORD_00816,TYRE_0027,43,2026-01-24,2026-01-28,M
ORD_00817,TYRE_0135,84,2026-01-10,2026-01-15,M
ORD_00818,TYRE_0012,13,2026-01-05,2026-01-19,L
ORD_00819,TYRE_0108,60,2026-01-23,2026-01-30,M
ORD_00820,TYRE_0124,27,2026-01-10,2026-01-15,M
ORD_00821,TYRE_0019,19,2026-01-12,2026-01-19,M
ORD_00822,TYRE_0109,61,2026-01-02,2026-01-06,M
ORD_00823,TYRE_0135,92,2026-01-13,2026-01-14,H
ORD_00824,TYRE_0097,16,2026-01-08,2026-01-12,M
ORD_00825,TYRE_0126,23,2026-01-02,2026-01-10,L
ORD_00826,TYRE_0115,83,2026-01-20,2026-01-27,M
ORD_00827,TYRE_0120,43,2026-01-01,2026-01-07,M
ORD_00828,TYRE_0048,96,2026-01-05,2026-01-12,M
ORD_00829,TYRE_0088,83,2026-01-09,2026-01-17,L
ORD_00830,TYRE_0103,12,2026-01-17,2026-01-29,L
ORD_00831,TYRE_0145,95,2026-01-09,2026-01-17,L
ORD_00832,TYRE_0014,8,2026-01-11,2026-01-13,H
ORD_00833,TYRE_0061,96,2026-01-15,2026-01-21,M
ORD_00834,TYRE_0135,89,2026-01-24,2026-01-29,M
ORD_00835,TYRE_0126,51,2026-01-06,2026-01-08,H
ORD_00836,TYRE_0039,22,2026-01-23,2026-01-28,M
ORD_00837,TYRE_0085,67,2026-01-03,2026-01-06,H
ORD_00838,TYRE_0034,58,2026-01-30,2026-02-02,H
ORD_00839,TYRE_0108,70,2026-01-17,2026-01-24,M
ORD_00840,TYRE_0108,33,2026-01-05,2026-01-11,M
ORD_00841,TYRE_0009,98,2026-01-30,2026-02-01,H
ORD_00842,TYRE_0118,9,2026-01-28,2026-02-03,M
ORD_00843,TYRE_0145,19,2026-01-12,2026-01-18,M
ORD_00844,TYRE_0061,98,2026-01-18,2026-01-21,H
ORD_00845,TYRE_0149,64,2026-01-14,2026-01-26,L
ORD_00846,TYRE_0118,36,2026-01-21,2026-01-30,L
ORD_00847,TYRE_0119,92,2026-01-24,2026-01-28,M
ORD_00848,TYRE_0090,48,2026-01-11,2026-01-15,M
ORD_00849,TYRE_0043,78,2026-01-09,2026-01-16,M
ORD_00850,TYRE_0107,42,2026-01-02,2026-01-08,M
ORD_00851,TYRE_0061,98,2026-01-12,2026-01-24,L
ORD_00852,TYRE_0066,79,2026-01-03,2026-01-05,H
ORD_00853,TYRE_0116,99,2026-01-03,2026-01-09,M
ORD_00854,TYRE_0025,69,2026-01-01,2026-01-06,M
ORD_00855,TYRE_0090,83,2026-01-08,2026-01-13,M
ORD_00856,TYRE_0149,82,2026-01-22,2026-01-26,M
ORD_00857,TYRE_0080,52,2026-01-28,2026-02-04,M
ORD_00858,TYRE_0066,67,2026-01-29,2026-02-03,M
ORD_00859,TYRE_0118,15,2026-01-08,2026-01-21,L
ORD_00860,TYRE_0039,54,2026-01-11,2026-01-25,L
ORD_00861,TYRE_0109,31,2026-01-09,2026-01-14,M
ORD_00862,TYRE_0108,19,2026-01-05,2026-01-11,M
ORD_00863,TYRE_0109,65,2026-01-14,2026-01-20,M
ORD_00864,TYRE_0136,65,2026-01-28,2026-02-04,M
ORD_00865,TYRE_0118,41,2026-01-30,2026-02-07,L
ORD_00866,TYRE_0114,72,2026-01-03,2026-01-09,M
ORD_00867,TYRE_0010,86,2026-01-21,2026-01-24,H
ORD_00868,TYRE_0149,47,2026-01-05,2026-01-11,M
ORD_00869,TYRE_0090,79,2026-01-05,2026-01-08,H
ORD_00870,TYRE_0143,98,2026-01-19,2026-01-24,M
ORD_00871,TYRE_0049,45,2026-01-27,2026-02-01,M
ORD_00872,TYRE_0055,6,2026-01-14,2026-01-15,H
ORD_00873,TYRE_0118,49,2026-01-26,2026-01-28,H
ORD_00874,TYRE_0025,8,2026-01-30,2026-02-03,M
ORD_00875,TYRE_0116,81,2026-01-04,2026-01-15,L
ORD_00876,TYRE_0061,82,2026-01-25,2026-02-03,L
ORD_00877,TYRE_0055,19,2026-01-13,2026-01-18,M
ORD_00878,TYRE_0064,86,2026-01-10,2026-01-14,M
ORD_00879,TYRE_0106,37,2026-01-25,2026-01-31,M
ORD_00880,TYRE_0113,53,2026-01-18,2026-01-22,M
ORD_00881,TYRE_0116,27,2026-01-08,2026-01-14,M
ORD_00882,TYRE_0086,83,2026-01-08,2026-01-19,L
ORD_00883,TYRE_0085,74,2026-01-07,2026-01-12,M
ORD_00884,TYRE_0055,61,2026-01-08,2026-01-12,M
ORD_00885,TYRE_0026,78,2026-01-14,2026-01-15,H
ORD_00886,TYRE_0114,24,2026-01-19,2026-01-21,H
ORD_00887,TYRE_0000,39,2026-01-29,2026-02-12,L
ORD_00888,TYRE_0124,70,2026-01-06,2026-01-14,L
ORD_00889,TYRE_0125,98,2026-01-01,2026-01-08,M
ORD_00890,TYRE_0017,54,2026-01-23,2026-01-27,M
ORD_00891,TYRE_0123,50,2026-01-15,2026-01-18,H
ORD_00892,TYRE_0025,51,2026-01-01,2026-01-05,M
ORD_00893,TYRE_0124,42,2026-01-25,2026-01-27,H
ORD_00894,TYRE_0012,89,2026-01-17,2026-01-24,M
ORD_00895,TYRE_0061,85,2026-01-01,2026-01-05,M
ORD_00896,TYRE_0124,61,2026-01-15,2026-01-18,H
ORD_00897,TYRE_0035,97,2026-01-23,2026-01-24,H
ORD_00898,TYRE_0061,74,2026-01-02,2026-01-06,M
ORD_00899,TYRE_0086,7,2026-01-14,2026-01-21,M
ORD_00900,TYRE_0116,56,2026-01-21,2026-01-25,M
ORD_00901,TYRE_0090,91,2026-01-08,2026-01-15,M
ORD_00902,TYRE_0137,34,2026-01-08,2026-01-11,H
ORD_00903,TYRE_0009,88,2026-01-19,2026-01-26,M
ORD_00904,TYRE_0048,36,2026-01-07,2026-01-15,L
ORD_00905,TYRE_0033,11,2026-01-19,2026-01-22,H
ORD_00906,TYRE_0024,80,2026-01-06,2026-01-11,M
ORD_00907,TYRE_0108,81,2026-01-06,2026-01-08,H
ORD_00908,TYRE_0056,59,2026-01-03,2026-01-04,H
ORD_00909,TYRE_0108,46,2026-01-07,2026-01-21,L
ORD_00910,TYRE_0055,46,2026-01-19,2026-01-24,M
ORD_00911,TYRE_0054,47,2026-01-08,2026-01-13,M
ORD_00912,TYRE_0106,26,2026-01-10,2026-01-12,H
ORD_00913,TYRE_0141,79,2026-01-20,2026-01-21,H
ORD_00914,TYRE_0042,25,2026-01-15,2026-01-22,M
ORD_00915,TYRE_0086,27,2026-01-15,2026-01-16,H
ORD_00916,TYRE_0072,93,2026-01-29,2026-02-05,M
ORD_00917,TYRE_0126,57,2026-01-01,2026-01-08,M
ORD_00918,TYRE_0012,81,2026-01-20,2026-01-24,M
ORD_00919,TYRE_0086,85,2026-01-30,2026-02-03,M
ORD_00920,TYRE_0077,76,2026-01-07,2026-01-11,M
ORD_00921,TYRE_0042,84,2026-01-27,2026-02-05,L
ORD_00922,TYRE_0143,64,2026-01-04,2026-01-15,L
ORD_00923,TYRE_0053,19,2026-01-29,2026-02-03,M
ORD_00924,TYRE_0121,90,2026-01-06,2026-01-11,M
ORD_00925,TYRE_0013,31,2026-01-25,2026-01-31,M
ORD_00926,TYRE_0124,10,2026-01-01,2026-01-08,M
ORD_00927,TYRE_0116,25,2026-01-29,2026-02-08,L
ORD_00928,TYRE_0124,35,2026-01-05,2026-01-09,M
ORD_00929,TYRE_0148,100,2026-01-27,2026-02-01,M
ORD_00930,TYRE_0083,46,2026-01-23,2026-01-27,M
ORD_00931,TYRE_0102,53,2026-01-01,2026-01-06,M
ORD_00932,TYRE_0018,11,2026-01-30,2026-02-06,M
ORD_00933,TYRE_0037,27,2026-01-04,2026-01-11,M
ORD_00934,TYRE_0126,85,2026-01-22,2026-01-27,M
ORD_00935,TYRE_0106,9,2026-01-02,2026-01-07,M
ORD_00936,TYRE_0015,64,2026-01-10,2026-01-14,M
ORD_00937,TYRE_0012,42,2026-01-05,2026-01-10,M
ORD_00938,TYRE_0090,78,2026-01-27,2026-02-01,M
ORD_00939,TYRE_0058,67,2026-01-10,2026-01-13,H
ORD_00940,TYRE_0055,40,2026-01-01,2026-01-08,M
ORD_00941,TYRE_0112,36,2026-01-22,2026-01-27,M
ORD_00942,TYRE_0080,78,2026-01-06,2026-01-11,M
ORD_00943,TYRE_0106,65,2026-01-13,2026-01-21,L
ORD_00944,TYRE_0129,55,2026-01-15,2026-01-18,H
ORD_00945,TYRE_0090,62,2026-01-04,2026-01-08,M
ORD_00946,TYRE_0113,93,2026-01-13,2026-01-17,M
ORD_00947,TYRE_0055,35,2026-01-24,2026-01-26,H
ORD_00948,TYRE_0113,44,2026-01-20,2026-01-23,H
ORD_00949,TYRE_0109,63,2026-01-24,2026-02-01,L
ORD_00950,TYRE_0126,28,2026-01-15,2026-01-29,L
ORD_00951,TYRE_0094,85,2026-01-29,2026-02-02,M
ORD_00952,TYRE_0138,42,2026-01-08,2026-01-12,M
ORD_00953,TYRE_0106,92,2026-01-05,2026-01-10,M
ORD_00954,TYRE_0138,70,2026-01-29,2026-02-02,M
ORD_00955,TYRE_0093,54,2026-01-15,2026-01-24,L
ORD_00956,TYRE_0009,27,2026-01-04,2026-01-06,H
ORD_00957,TYRE_0061,31,2026-01-12,2026-01-15,H
ORD_00958,TYRE_0124,88,2026-01-13,2026-01-17,M
ORD_00959,TYRE_0143,100,2026-01-02,2026-01-07,M
ORD_00960,TYRE_0082,69,2026-01-27,2026-02-02,M
ORD_00961,TYRE_0070,49,2026-01-19,2026-01-21,H
ORD_00962,TYRE_0118,65,2026-01-19,2026-01-23,M
ORD_00963,TYRE_0136,84,2026-01-04,2026-01-19,L
ORD_00964,TYRE_0055,29,2026-01-04,2026-01-13,L
ORD_00965,TYRE_0117,27,2026-01-26,2026-01-28,H
ORD_00966,TYRE_0113,19,2026-01-11,2026-01-13,H
ORD_00967,TYRE_0127,71,2026-01-27,2026-01-28,H
ORD_00968,TYRE_0005,65,2026-01-05,2026-01-10,M
ORD_00969,TYRE_0109,42,2026-01-20,2026-01-24,M
ORD_00970,TYRE_0043,71,2026-01-11,2026-01-22,L
ORD_00971,TYRE_0112,67,2026-01-30,2026-02-05,M
ORD_00972,TYRE_0061,63,2026-01-10,2026-01-17,M
ORD_00973,TYRE_0126,26,2026-01-08,2026-01-20,L
ORD_00974,TYRE_0058,11,2026-01-06,2026-01-12,M
ORD_00975,TYRE_0025,84,2026-01-06,2026-01-11,M
ORD_00976,TYRE_0137,95,2026-01-08,2026-01-13,M
ORD_00977,TYRE_0039,10,2026-01-23,2026-01-24,H
ORD_00978,TYRE_0147,52,2026-01-15,2026-01-17,H
ORD_00979,TYRE_0145,49,2026-01-26,2026-02-01,M
ORD_00980,TYRE_0109,73,2026-01-14,2026-01-19,M
ORD_00981,TYRE_0048,23,2026-01-11,2026-01-13,H
ORD_00982,TYRE_0081,74,2026-01-12,2026-01-15,H
ORD_00983,TYRE_0084,65,2026-01-26,2026-02-01,M
ORD_00984,TYRE_0146,48,2026-01-13,2026-01-20,M
ORD_00985,TYRE_0122,91,2026-01-08,2026-01-18,L
ORD_00986,TYRE_0025,33,2026-01-30,2026-02-02,H
ORD_00987,TYRE_0113,79,2026-01-18,2026-01-23,M
ORD_00988,TYRE_0090,30,2026-01-25,2026-02-06,L
ORD_00989,TYRE_0145,70,2026-01-01,2026-01-10,L
ORD_00990,TYRE_0086,90,2026-01-15,2026-01-19,M
ORD_00991,TYRE_0126,52,2026-01-08,2026-01-15,M
ORD_00992,TYRE_0043,44,2026-01-28,2026-02-03,M
ORD_00993,TYRE_0143,61,2026-01-11,2026-01-14,H
ORD_00994,TYRE_0106,25,2026-01-12,2026-01-24,L
ORD_00995,TYRE_0108,22,2026-01-12,2026-01-19,M
ORD_00996,TYRE_0022,65,2026-01-04,2026-01-06,H
ORD_00997,TYRE_0134,80,2026-01-16,2026-01-25,L
ORD_00998,TYRE_0022,39,2026-01-04,2026-01-07,H
ORD_00999,TYRE_0145,30,2026-01-05,2026-01-10,M
