machine_id,product_id,eligible
MIX_M1,TYRE_0000,0
MIX_M1,TYRE_0001,0
MIX_M1,TYRE_0002,1
MIX_M1,TYRE_0003,1
MIX_M1,TYRE_0004,1
MIX_M1,TYRE_0005,1
MIX_M1,TYRE_0006,0
MIX_M1,TYRE_0007,1
MIX_M1,TYRE_0008,1
MIX_M1,TYRE_0009,1
MIX_M1,TYRE_0010,0
MIX_M1,TYRE_0011,1
MIX_M1,TYRE_0012,1
MIX_M1,TYRE_0013,1
MIX_M1,TYRE_0014,1
MIX_M1,TYRE_0015,1
MIX_M1,TYRE_0016,0
MIX_M1,TYRE_0017,1
MIX_M1,TYRE_0018,1
MIX_M1,TYRE_0019,1
MIX_M1,TYRE_0020,1
MIX_M1,TYRE_0021,1
MIX_M1,TYRE_0022,1
MIX_M1,TYRE_0023,1
MIX_M1,TYRE_0024,1
MIX_M1,TYRE_0025,1
MIX_M1,TYRE_0026,1
MIX_M1,TYRE_0027,1
MIX_M1,TYRE_0028,1
MIX_M1,TYRE_0029,0
MIX_M1,TYRE_0030,0
MIX_M1,TYRE_0031,1
MIX_M1,TYRE_0032,1
MIX_M1,TYRE_0033,1
MIX_M1,TYRE_0034,1
MIX_M1,TYRE_0035,0
MIX_M1,TYRE_0036,1
MIX_M1,TYRE_0037,1
MIX_M1,TYRE_0038,1
MIX_M1,TYRE_0039,1
MIX_M1,TYRE_0040,1
MIX_M1,TYRE_0041,0
MIX_M1,TYRE_0042,1
MIX_M1,TYRE_0043,1
MIX_M1,TYRE_0044,1
MIX_M1,TYRE_0045,1
MIX_M1,TYRE_0046,0
MIX_M1,TYRE_0047,1
MIX_M1,TYRE_0048,1
MIX_M1,TYRE_0049,0
MIX_M1,TYRE_0050,1
MIX_M1,TYRE_0051,1
MIX_M1,TYRE_0052,1
MIX_M1,TYRE_0053,1
MIX_M1,TYRE_0054,1
MIX_M1,TYRE_0055,1
MIX_M1,TYRE_0056,0
MIX_M1,TYRE_0057,0
MIX_M1,TYRE_0058,0
MIX_M1,TYRE_0059,1
MIX_M1,TYRE_0060,1
MIX_M1,TYRE_0061,1
MIX_M1,TYRE_0062,1
MIX_M1,TYRE_0063,1
MIX_M1,TYRE_0064,1
MIX_M1,TYRE_0065,1
MIX_M1,TYRE_0066,1
MIX_M1,TYRE_0067,1
MIX_M1,TYRE_0068,1
MIX_M1,TYRE_0069,1
MIX_M1,TYRE_0070,0
MIX_M1,TYRE_0071,1
MIX_M1,TYRE_0072,1
MIX_M1,TYRE_0073,0
MIX_M1,TYRE_0074,0
MIX_M1,TYRE_0075,1
MIX_M1,TYRE_0076,1
MIX_M1,TYRE_0077,1
MIX_M1,TYRE_0078,1
MIX_M1,TYRE_0079,1
MIX_M1,TYRE_0080,1
MIX_M1,TYRE_0081,0
MIX_M1,TYRE_0082,1
MIX_M1,TYRE_0083,1
MIX_M1,TYRE_0084,1
MIX_M1,TYRE_0085,1
MIX_M1,TYRE_0086,0
MIX_M1,TYRE_0087,0
MIX_M1,TYRE_0088,0
MIX_M1,TYRE_0089,1
MIX_M1,TYRE_0090,1
MIX_M1,TYRE_0091,1
MIX_M1,TYRE_0092,1
MIX_M1,TYRE_0093,1
MIX_M1,TYRE_0094,1
MIX_M1,TYRE_0095,1
MIX_M1,TYRE_0096,1
MIX_M1,TYRE_0097,0
MIX_M1,TYRE_0098,1
MIX_M1,TYRE_0099,1
MIX_M1,TYRE_0100,1
MIX_M1,TYRE_0101,1
MIX_M1,TYRE_0102,1
MIX_M1,TYRE_0103,0
MIX_M1,TYRE_0104,0
MIX_M1,TYRE_0105,1
MIX_M1,TYRE_0106,1
MIX_M1,TYRE_0107,1
MIX_M1,TYRE_0108,1
MIX_M1,TYRE_0109,1
MIX_M1,TYRE_0110,1
MIX_M1,TYRE_0111,1
MIX_M1,TYRE_0112,1
MIX_M1,TYRE_0113,1
MIX_M1,TYRE_0114,1
MIX_M1,TYRE_0115,1
MIX_M1,TYRE_0116,0
MIX_M1,TYRE_0117,1
MIX_M1,TYRE_0118,1
MIX_M1,TYRE_0119,1
MIX_M1,TYRE_0120,1
MIX_M1,TYRE_0121,1
MIX_M1,TYRE_0122,0
MIX_M1,TYRE_0123,1
MIX_M1,TYRE_0124,1
MIX_M1,TYRE_0125,1
MIX_M1,TYRE_0126,0
MIX_M1,TYRE_0127,1
MIX_M1,TYRE_0128,1
MIX_M1,TYRE_0129,0
MIX_M1,TYRE_0130,1
MIX_M1,TYRE_0131,1
MIX_M1,TYRE_0132,1
MIX_M1,TYRE_0133,1
MIX_M1,TYRE_0134,1
MIX_M1,TYRE_0135,0
MIX_M1,TYRE_0136,1
MIX_M1,TYRE_0137,1
MIX_M1,TYRE_0138,1
MIX_M1,TYRE_0139,1
MIX_M1,TYRE_0140,1
MIX_M1,TYRE_0141,0
MIX_M1,TYRE_0142,1
MIX_M1,TYRE_0143,1
MIX_M1,TYRE_0144,0
MIX_M1,TYRE_0145,0
MIX_M1,TYRE_0146,1
MIX_M1,TYRE_0147,1
MIX_M1,TYRE_0148,1
MIX_M1,TYRE_0149,1
MIX_M2,TYRE_0000,1
MIX_M2,TYRE_0001,1
MIX_M2,TYRE_0002,1
MIX_M2,TYRE_0003,1
MIX_M2,TYRE_0004,1
MIX_M2,TYRE_0005,1
MIX_M2,TYRE_0006,1
MIX_M2,TYRE_0007,1
MIX_M2,TYRE_0008,0
MIX_M2,TYRE_0009,1
MIX_M2,TYRE_0010,1
MIX_M2,TYRE_0011,1
MIX_M2,TYRE_0012,1
MIX_M2,TYRE_0013,1
MIX_M2,TYRE_0014,1
MIX_M2,TYRE_0015,1
MIX_M2,TYRE_0016,1
MIX_M2,TYRE_0017,0
MIX_M2,TYRE_0018,1
MIX_M2,TYRE_0019,1
MIX_M2,TYRE_0020,1
MIX_M2,TYRE_0021,1
MIX_M2,TYRE_0022,0
MIX_M2,TYRE_0023,1
MIX_M2,TYRE_0024,1
MIX_M2,TYRE_0025,1
MIX_M2,TYRE_0026,1
MIX_M2,TYRE_0027,0
MIX_M2,TYRE_0028,1
MIX_M2,TYRE_0029,1
MIX_M2,TYRE_0030,1
MIX_M2,TYRE_0031,1
MIX_M2,TYRE_0032,1
MIX_M2,TYRE_0033,1
MIX_M2,TYRE_0034,1
MIX_M2,TYRE_0035,1
MIX_M2,TYRE_0036,0
MIX_M2,TYRE_0037,0
MIX_M2,TYRE_0038,1
MIX_M2,TYRE_0039,0
MIX_M2,TYRE_0040,1
MIX_M2,TYRE_0041,0
MIX_M2,TYRE_0042,1
MIX_M2,TYRE_0043,1
MIX_M2,TYRE_0044,1
MIX_M2,TYRE_0045,1
MIX_M2,TYRE_0046,1
MIX_M2,TYRE_0047,1
MIX_M2,TYRE_0048,1
MIX_M2,TYRE_0049,1
MIX_M2,TYRE_0050,0
MIX_M2,TYRE_0051,1
MIX_M2,TYRE_0052,1
MIX_M2,TYRE_0053,1
MIX_M2,TYRE_0054,1
MIX_M2,TYRE_0055,0
MIX_M2,TYRE_0056,0
MIX_M2,TYRE_0057,1
MIX_M2,TYRE_0058,1
MIX_M2,TYRE_0059,0
MIX_M2,TYRE_0060,1
MIX_M2,TYRE_0061,1
MIX_M2,TYRE_0062,1
MIX_M2,TYRE_0063,1
MIX_M2,TYRE_0064,1
MIX_M2,TYRE_0065,1
MIX_M2,TYRE_0066,0
MIX_M2,TYRE_0067,0
MIX_M2,TYRE_0068,0
MIX_M2,TYRE_0069,1
MIX_M2,TYRE_0070,1
MIX_M2,TYRE_0071,1
MIX_M2,TYRE_0072,1
MIX_M2,TYRE_0073,1
MIX_M2,TYRE_0074,1
MIX_M2,TYRE_0075,1
MIX_M2,TYRE_0076,1
MIX_M2,TYRE_0077,0
MIX_M2,TYRE_0078,1
MIX_M2,TYRE_0079,0
MIX_M2,TYRE_0080,1
MIX_M2,TYRE_0081,1
MIX_M2,TYRE_0082,1
MIX_M2,TYRE_0083,1
MIX_M2,TYRE_0084,0
MIX_M2,TYRE_0085,0
MIX_M2,TYRE_0086,1
MIX_M2,TYRE_0087,1
MIX_M2,TYRE_0088,1
MIX_M2,TYRE_0089,1
MIX_M2,TYRE_0090,0
MIX_M2,TYRE_0091,1
MIX_M2,TYRE_0092,1
MIX_M2,TYRE_0093,1
MIX_M2,TYRE_0094,1
MIX_M2,TYRE_0095,1
MIX_M2,TYRE_0096,1
MIX_M2,TYRE_0097,1
MIX_M2,TYRE_0098,1
MIX_M2,TYRE_0099,0
MIX_M2,TYRE_0100,1
MIX_M2,TYRE_0101,1
MIX_M2,TYRE_0102,1
MIX_M2,TYRE_0103,1
MIX_M2,TYRE_0104,1
MIX_M2,TYRE_0105,1
MIX_M2,TYRE_0106,0
MIX_M2,TYRE_0107,1
MIX_M2,TYRE_0108,1
MIX_M2,TYRE_0109,1
MIX_M2,TYRE_0110,0
MIX_M2,TYRE_0111,1
MIX_M2,TYRE_0112,1
MIX_M2,TYRE_0113,1
MIX_M2,TYRE_0114,1
MIX_M2,TYRE_0115,0
MIX_M2,TYRE_0116,0
MIX_M2,TYRE_0117,1
MIX_M2,TYRE_0118,1
MIX_M2,TYRE_0119,1
MIX_M2,TYRE_0120,1
MIX_M2,TYRE_0121,0
MIX_M2,TYRE_0122,1
MIX_M2,TYRE_0123,1
MIX_M2,TYRE_0124,0
MIX_M2,TYRE_0125,1
MIX_M2,TYRE_0126,1
MIX_M2,TYRE_0127,1
MIX_M2,TYRE_0128,1
MIX_M2,TYRE_0129,0
MIX_M2,TYRE_0130,1
MIX_M2,TYRE_0131,1
MIX_M2,TYRE_0132,1
MIX_M2,TYRE_0133,1
MIX_M2,TYRE_0134,1
MIX_M2,TYRE_0135,1
MIX_M2,TYRE_0136,1
MIX_M2,TYRE_0137,1
MIX_M2,TYRE_0138,1
MIX_M2,TYRE_0139,1
MIX_M2,TYRE_0140,1
MIX_M2,TYRE_0141,1
MIX_M2,TYRE_0142,1
MIX_M2,TYRE_0143,1
MIX_M2,TYRE_0144,1
MIX_M2,TYRE_0145,0
MIX_M2,TYRE_0146,0
MIX_M2,TYRE_0147,1
MIX_M2,TYRE_0148,1
MIX_M2,TYRE_0149,0
MIX_M3,TYRE_0000,1
MIX_M3,TYRE_0001,1
MIX_M3,TYRE_0002,1
MIX_M3,TYRE_0003,1
MIX_M3,TYRE_0004,1
MIX_M3,TYRE_0005,1
MIX_M3,TYRE_0006,1
MIX_M3,TYRE_0007,1
MIX_M3,TYRE_0008,1
MIX_M3,TYRE_0009,1
MIX_M3,TYRE_0010,1
MIX_M3,TYRE_0011,1
MIX_M3,TYRE_0012,1
MIX_M3,TYRE_0013,1
MIX_M3,TYRE_0014,0
MIX_M3,TYRE_0015,0
MIX_M3,TYRE_0016,1
MIX_M3,TYRE_0017,0
MIX_M3,TYRE_0018,0
MIX_M3,TYRE_0019,1
MIX_M3,TYRE_0020,1
MIX_M3,TYRE_0021,1
MIX_M3,TYRE_0022,1
MIX_M3,TYRE_0023,1
MIX_M3,TYRE_0024,1
MIX_M3,TYRE_0025,1
MIX_M3,TYRE_0026,1
MIX_M3,TYRE_0027,0
MIX_M3,TYRE_0028,1
MIX_M3,TYRE_0029,0
MIX_M3,TYRE_0030,1
MIX_M3,TYRE_0031,0
MIX_M3,TYRE_0032,1
MIX_M3,TYRE_0033,1
MIX_M3,TYRE_0034,1
MIX_M3,TYRE_0035,1
MIX_M3,TYRE_0036,1
MIX_M3,TYRE_0037,1
MIX_M3,TYRE_0038,0
MIX_M3,TYRE_0039,1
MIX_M3,TYRE_0040,1
MIX_M3,TYRE_0041,1
MIX_M3,TYRE_0042,1
MIX_M3,TYRE_0043,1
MIX_M3,TYRE_0044,0
MIX_M3,TYRE_0045,1
MIX_M3,TYRE_0046,1
MIX_M3,TYRE_0047,1
MIX_M3,TYRE_0048,0
MIX_M3,TYRE_0049,1
MIX_M3,TYRE_0050,0
MIX_M3,TYRE_0051,0
MIX_M3,TYRE_0052,1
MIX_M3,TYRE_0053,1
MIX_M3,TYRE_0054,0
MIX_M3,TYRE_0055,1
MIX_M3,TYRE_0056,1
MIX_M3,TYRE_0057,1
MIX_M3,TYRE_0058,0
MIX_M3,TYRE_0059,1
MIX_M3,TYRE_0060,1
MIX_M3,TYRE_0061,0
MIX_M3,TYRE_0062,1
MIX_M3,TYRE_0063,1
MIX_M3,TYRE_0064,0
MIX_M3,TYRE_0065,1
MIX_M3,TYRE_0066,1
MIX_M3,TYRE_0067,1
MIX_M3,TYRE_0068,1
MIX_M3,TYRE_0069,0
MIX_M3,TYRE_0070,0
MIX_M3,TYRE_0071,1
MIX_M3,TYRE_0072,1
MIX_M3,TYRE_0073,1
MIX_M3,TYRE_0074,1
MIX_M3,TYRE_0075,0
MIX_M3,TYRE_0076,1
MIX_M3,TYRE_0077,1
MIX_M3,TYRE_0078,1
MIX_M3,TYRE_0079,1
MIX_M3,TYRE_0080,0
MIX_M3,TYRE_0081,1
MIX_M3,TYRE_0082,1
MIX_M3,TYRE_0083,0
MIX_M3,TYRE_0084,1
MIX_M3,TYRE_0085,1
MIX_M3,TYRE_0086,1
MIX_M3,TYRE_0087,1
MIX_M3,TYRE_0088,1
MIX_M3,TYRE_0089,1
MIX_M3,TYRE_0090,0
MIX_M3,TYRE_0091,1
MIX_M3,TYRE_0092,1
MIX_M3,TYRE_0093,1
MIX_M3,TYRE_0094,1
MIX_M3,TYRE_0095,1
MIX_M3,TYRE_0096,1
MIX_M3,TYRE_0097,1
MIX_M3,TYRE_0098,1
MIX_M3,TYRE_0099,1
MIX_M3,TYRE_0100,1
MIX_M3,TYRE_0101,0
MIX_M3,TYRE_0102,1
MIX_M3,TYRE_0103,1
MIX_M3,TYRE_0104,1
MIX_M3,TYRE_0105,1
MIX_M3,TYRE_0106,1
MIX_M3,TYRE_0107,1
MIX_M3,TYRE_0108,1
MIX_M3,TYRE_0109,0
MIX_M3,TYRE_0110,1
MIX_M3,TYRE_0111,0
MIX_M3,TYRE_0112,1
MIX_M3,TYRE_0113,1
MIX_M3,TYRE_0114,1
MIX_M3,TYRE_0115,0
MIX_M3,TYRE_0116,1
MIX_M3,TYRE_0117,1
MIX_M3,TYRE_0118,1
MIX_M3,TYRE_0119,0
MIX_M3,TYRE_0120,1
MIX_M3,TYRE_0121,0
MIX_M3,TYRE_0122,1
MIX_M3,TYRE_0123,1
MIX_M3,TYRE_0124,1
MIX_M3,TYRE_0125,1
MIX_M3,TYRE_0126,1
MIX_M3,TYRE_0127,1
MIX_M3,TYRE_0128,0
MIX_M3,TYRE_0129,1
MIX_M3,TYRE_0130,0
MIX_M3,TYRE_0131,0
MIX_M3,TYRE_0132,0
MIX_M3,TYRE_0133,1
MIX_M3,TYRE_0134,1
MIX_M3,TYRE_0135,1
MIX_M3,TYRE_0136,1
MIX_M3,TYRE_0137,0
MIX_M3,TYRE_0138,1
MIX_M3,TYRE_0139,1
MIX_M3,TYRE_0140,1
MIX_M3,TYRE_0141,1
MIX_M3,TYRE_0142,1
MIX_M3,TYRE_0143,1
MIX_M3,TYRE_0144,1
MIX_M3,TYRE_0145,1
MIX_M3,TYRE_0146,1
MIX_M3,TYRE_0147,1
MIX_M3,TYRE_0148,1
MIX_M3,TYRE_0149,1
MIX_M4,TYRE_0000,1
MIX_M4,TYRE_0001,1
MIX_M4,TYRE_0002,0
MIX_M4,TYRE_0003,1
MIX_M4,TYRE_0004,1
MIX_M4,TYRE_0005,1
MIX_M4,TYRE_0006,1
MIX_M4,TYRE_0007,1
MIX_M4,TYRE_0008,1
MIX_M4,TYRE_0009,1
MIX_M4,TYRE_0010,1
MIX_M4,TYRE_0011,1
MIX_M4,TYRE_0012,1
MIX_M4,TYRE_0013,1
MIX_M4,TYRE_0014,1
MIX_M4,TYRE_0015,0
MIX_M4,TYRE_0016,0
MIX_M4,TYRE_0017,1
MIX_M4,TYRE_0018,1
MIX_M4,TYRE_0019,1
MIX_M4,TYRE_0020,1
MIX_M4,TYRE_0021,1
MIX_M4,TYRE_0022,1
MIX_M4,TYRE_0023,1
MIX_M4,TYRE_0024,1
MIX_M4,TYRE_0025,1
MIX_M4,TYRE_0026,0
MIX_M4,TYRE_0027,1
MIX_M4,TYRE_0028,0
MIX_M4,TYRE_0029,1
MIX_M4,TYRE_0030,1
MIX_M4,TYRE_0031,1
MIX_M4,TYRE_0032,1
MIX_M4,TYRE_0033,0
MIX_M4,TYRE_0034,1
MIX_M4,TYRE_0035,1
MIX_M4,TYRE_0036,1
MIX_M4,TYRE_0037,1
MIX_M4,TYRE_0038,1
MIX_M4,TYRE_0039,1
MIX_M4,TYRE_0040,1
MIX_M4,TYRE_0041,1
MIX_M4,TYRE_0042,1
MIX_M4,TYRE_0043,1
MIX_M4,TYRE_0044,1
MIX_M4,TYRE_0045,1
MIX_M4,TYRE_0046,1
MIX_M4,TYRE_0047,1
MIX_M4,TYRE_0048,1
MIX_M4,TYRE_0049,1
MIX_M4,TYRE_0050,1
MIX_M4,TYRE_0051,0
MIX_M4,TYRE_0052,1
MIX_M4,TYRE_0053,1
MIX_M4,TYRE_0054,0
MIX_M4,TYRE_0055,1
MIX_M4,TYRE_0056,1
MIX_M4,TYRE_0057,1
MIX_M4,TYRE_0058,1
MIX_M4,TYRE_0059,1
MIX_M4,TYRE_0060,1
MIX_M4,TYRE_0061,1
MIX_M4,TYRE_0062,1
MIX_M4,TYRE_0063,1
MIX_M4,TYRE_0064,0
MIX_M4,TYRE_0065,0
MIX_M4,TYRE_0066,1
MIX_M4,TYRE_0067,0
MIX_M4,TYRE_0068,1
MIX_M4,TYRE_0069,1
MIX_M4,TYRE_0070,1
MIX_M4,TYRE_0071,1
MIX_M4,TYRE_0072,1
MIX_M4,TYRE_0073,1
MIX_M4,TYRE_0074,0
MIX_M4,TYRE_0075,1
MIX_M4,TYRE_0076,1
MIX_M4,TYRE_0077,1
MIX_M4,TYRE_0078,1
MIX_M4,TYRE_0079,1
MIX_M4,TYRE_0080,1
MIX_M4,TYRE_0081,0
MIX_M4,TYRE_0082,0
MIX_M4,TYRE_0083,1
MIX_M4,TYRE_0084,1
MIX_M4,TYRE_0085,1
MIX_M4,TYRE_0086,0
MIX_M4,TYRE_0087,0
MIX_M4,TYRE_0088,1
MIX_M4,TYRE_0089,1
MIX_M4,TYRE_0090,1
MIX_M4,TYRE_0091,0
MIX_M4,TYRE_0092,1
MIX_M4,TYRE_0093,1
MIX_M4,TYRE_0094,1
MIX_M4,TYRE_0095,1
MIX_M4,TYRE_0096,1
MIX_M4,TYRE_0097,1
MIX_M4,TYRE_0098,1
MIX_M4,TYRE_0099,1
MIX_M4,TYRE_0100,1
MIX_M4,TYRE_0101,0
MIX_M4,TYRE_0102,1
MIX_M4,TYRE_0103,0
MIX_M4,TYRE_0104,0
MIX_M4,TYRE_0105,1
MIX_M4,TYRE_0106,1
MIX_M4,TYRE_0107,1
MIX_M4,TYRE_0108,0
MIX_M4,TYRE_0109,1
MIX_M4,TYRE_0110,1
MIX_M4,TYRE_0111,1
MIX_M4,TYRE_0112,1
MIX_M4,TYRE_0113,1
MIX_M4,TYRE_0114,1
MIX_M4,TYRE_0115,1
MIX_M4,TYRE_0116,1
MIX_M4,TYRE_0117,1
MIX_M4,TYRE_0118,1
MIX_M4,TYRE_0119,0
MIX_M4,TYRE_0120,1
MIX_M4,TYRE_0121,1
MIX_M4,TYRE_0122,1
MIX_M4,TYRE_0123,0
MIX_M4,TYRE_0124,1
MIX_M4,TYRE_0125,1
MIX_M4,TYRE_0126,1
MIX_M4,TYRE_0127,0
MIX_M4,TYRE_0128,1
MIX_M4,TYRE_0129,0
MIX_M4,TYRE_0130,0
MIX_M4,TYRE_0131,1
MIX_M4,TYRE_0132,1
MIX_M4,TYRE_0133,1
MIX_M4,TYRE_0134,0
MIX_M4,TYRE_0135,1
MIX_M4,TYRE_0136,1
MIX_M4,TYRE_0137,1
MIX_M4,TYRE_0138,0
MIX_M4,TYRE_0139,1
MIX_M4,TYRE_0140,1
MIX_M4,TYRE_0141,1
MIX_M4,TYRE_0142,1
MIX_M4,TYRE_0143,1
MIX_M4,TYRE_0144,0
MIX_M4,TYRE_0145,1
MIX_M4,TYRE_0146,1
MIX_M4,TYRE_0147,1
MIX_M4,TYRE_0148,1
MIX_M4,TYRE_0149,1
CAL_M1,TYRE_0000,1
CAL_M1,TYRE_0001,1
CAL_M1,TYRE_0002,1
CAL_M1,TYRE_0003,1
CAL_M1,TYRE_0004,1
CAL_M1,TYRE_0005,1
CAL_M1,TYRE_0006,1
CAL_M1,TYRE_0007,1
CAL_M1,TYRE_0008,1
CAL_M1,TYRE_0009,1
CAL_M1,TYRE_0010,1
CAL_M1,TYRE_0011,1
CAL_M1,TYRE_0012,0
CAL_M1,TYRE_0013,1
CAL_M1,TYRE_0014,0
CAL_M1,TYRE_0015,0
CAL_M1,TYRE_0016,1
CAL_M1,TYRE_0017,1
CAL_M1,TYRE_0018,0
CAL_M1,TYRE_0019,1
CAL_M1,TYRE_0020,1
CAL_M1,TYRE_0021,1
CAL_M1,TYRE_0022,0
CAL_M1,TYRE_0023,1
CAL_M1,TYRE_0024,1
CAL_M1,TYRE_0025,1
CAL_M1,TYRE_0026,1
CAL_M1,TYRE_0027,1
CAL_M1,TYRE_0028,1
CAL_M1,TYRE_0029,1
CAL_M1,TYRE_0030,1
CAL_M1,TYRE_0031,1
CAL_M1,TYRE_0032,1
CAL_M1,TYRE_0033,1
CAL_M1,TYRE_0034,0
CAL_M1,TYRE_0035,1
CAL_M1,TYRE_0036,1
CAL_M1,TYRE_0037,1
CAL_M1,TYRE_0038,1
CAL_M1,TYRE_0039,1
CAL_M1,TYRE_0040,0
CAL_M1,TYRE_0041,1
CAL_M1,TYRE_0042,1
CAL_M1,TYRE_0043,0
CAL_M1,TYRE_0044,1
CAL_M1,TYRE_0045,1
CAL_M1,TYRE_0046,1
CAL_M1,TYRE_0047,1
CAL_M1,TYRE_0048,1
CAL_M1,TYRE_0049,1
CAL_M1,TYRE_0050,0
CAL_M1,TYRE_0051,1
CAL_M1,TYRE_0052,0
CAL_M1,TYRE_0053,1
CAL_M1,TYRE_0054,1
CAL_M1,TYRE_0055,1
CAL_M1,TYRE_0056,1
CAL_M1,TYRE_0057,1
CAL_M1,TYRE_0058,1
CAL_M1,TYRE_0059,1
CAL_M1,TYRE_0060,1
CAL_M1,TYRE_0061,0
CAL_M1,TYRE_0062,1
CAL_M1,TYRE_0063,0
CAL_M1,TYRE_0064,1
CAL_M1,TYRE_0065,1
CAL_M1,TYRE_0066,1
CAL_M1,TYRE_0067,0
CAL_M1,TYRE_0068,1
CAL_M1,TYRE_0069,1
CAL_M1,TYRE_0070,1
CAL_M1,TYRE_0071,1
CAL_M1,TYRE_0072,1
CAL_M1,TYRE_0073,1
CAL_M1,TYRE_0074,1
CAL_M1,TYRE_0075,1
CAL_M1,TYRE_0076,1
CAL_M1,TYRE_0077,1
CAL_M1,TYRE_0078,1
CAL_M1,TYRE_0079,1
CAL_M1,TYRE_0080,1
CAL_M1,TYRE_0081,1
CAL_M1,TYRE_0082,0
CAL_M1,TYRE_0083,1
CAL_M1,TYRE_0084,1
CAL_M1,TYRE_0085,1
CAL_M1,TYRE_0086,1
CAL_M1,TYRE_0087,1
CAL_M1,TYRE_0088,1
CAL_M1,TYRE_0089,1
CAL_M1,TYRE_0090,1
CAL_M1,TYRE_0091,1
CAL_M1,TYRE_0092,1
CAL_M1,TYRE_0093,1
CAL_M1,TYRE_0094,1
CAL_M1,TYRE_0095,0
CAL_M1,TYRE_0096,1
CAL_M1,TYRE_0097,1
CAL_M1,TYRE_0098,1
CAL_M1,TYRE_0099,1
CAL_M1,TYRE_0100,1
CAL_M1,TYRE_0101,1
CAL_M1,TYRE_0102,1
CAL_M1,TYRE_0103,1
CAL_M1,TYRE_0104,1
CAL_M1,TYRE_0105,1
CAL_M1,TYRE_0106,1
CAL_M1,TYRE_0107,1
CAL_M1,TYRE_0108,0
CAL_M1,TYRE_0109,1
CAL_M1,TYRE_0110,1
CAL_M1,TYRE_0111,0
CAL_M1,TYRE_0112,1
CAL_M1,TYRE_0113,0
CAL_M1,TYRE_0114,1
CAL_M1,TYRE_0115,1
CAL_M1,TYRE_0116,1
CAL_M1,TYRE_0117,0
CAL_M1,TYRE_0118,1
CAL_M1,TYRE_0119,0
CAL_M1,TYRE_0120,1
CAL_M1,TYRE_0121,1
CAL_M1,TYRE_0122,1
CAL_M1,TYRE_0123,0
CAL_M1,TYRE_0124,0
CAL_M1,TYRE_0125,0
CAL_M1,TYRE_0126,1
CAL_M1,TYRE_0127,1
CAL_M1,TYRE_0128,1
CAL_M1,TYRE_0129,1
CAL_M1,TYRE_0130,1
CAL_M1,TYRE_0131,1
CAL_M1,TYRE_0132,1
CAL_M1,TYRE_0133,1
CAL_M1,TYRE_0134,0
CAL_M1,TYRE_0135,1
CAL_M1,TYRE_0136,1
CAL_M1,TYRE_0137,1
CAL_M1,TYRE_0138,1
CAL_M1,TYRE_0139,1
CAL_M1,TYRE_0140,1
CAL_M1,TYRE_0141,1
CAL_M1,TYRE_0142,0
CAL_M1,TYRE_0143,0
CAL_M1,TYRE_0144,1
CAL_M1,TYRE_0145,1
CAL_M1,TYRE_0146,1
CAL_M1,TYRE_0147,1
CAL_M1,TYRE_0148,1
CAL_M1,TYRE_0149,1
CAL_M2,TYRE_0000,0
CAL_M2,TYRE_0001,1
CAL_M2,TYRE_0002,1
CAL_M2,TYRE_0003,1
CAL_M2,TYRE_0004,1
CAL_M2,TYRE_0005,1
CAL_M2,TYRE_0006,1
CAL_M2,TYRE_0007,0
CAL_M2,TYRE_0008,1
CAL_M2,TYRE_0009,0
CAL_M2,TYRE_0010,1
CAL_M2,TYRE_0011,1
CAL_M2,TYRE_0012,1
CAL_M2,TYRE_0013,1
CAL_M2,TYRE_0014,1
CAL_M2,TYRE_0015,1
CAL_M2,TYRE_0016,1
CAL_M2,TYRE_0017,1
CAL_M2,TYRE_0018,1
CAL_M2,TYRE_0019,1
CAL_M2,TYRE_0020,1
CAL_M2,TYRE_0021,1
CAL_M2,TYRE_0022,1
CAL_M2,TYRE_0023,1
CAL_M2,TYRE_0024,1
CAL_M2,TYRE_0025,1
CAL_M2,TYRE_0026,0
CAL_M2,TYRE_0027,1
CAL_M2,TYRE_0028,1
CAL_M2,TYRE_0029,1
CAL_M2,TYRE_0030,1
CAL_M2,TYRE_0031,0
CAL_M2,TYRE_0032,0
CAL_M2,TYRE_0033,1
CAL_M2,TYRE_0034,1
CAL_M2,TYRE_0035,1
CAL_M2,TYRE_0036,1
CAL_M2,TYRE_0037,1
CAL_M2,TYRE_0038,0
CAL_M2,TYRE_0039,1
CAL_M2,TYRE_0040,1
CAL_M2,TYRE_0041,1
CAL_M2,TYRE_0042,1
CAL_M2,TYRE_0043,0
CAL_M2,TYRE_0044,1
CAL_M2,TYRE_0045,1
CAL_M2,TYRE_0046,1
CAL_M2,TYRE_0047,1
CAL_M2,TYRE_0048,1
CAL_M2,TYRE_0049,1
CAL_M2,TYRE_0050,0
CAL_M2,TYRE_0051,1
CAL_M2,TYRE_0052,1
CAL_M2,TYRE_0053,0
CAL_M2,TYRE_0054,1
CAL_M2,TYRE_0055,1
CAL_M2,TYRE_0056,0
CAL_M2,TYRE_0057,1
CAL_M2,TYRE_0058,1
CAL_M2,TYRE_0059,1
CAL_M2,TYRE_0060,0
CAL_M2,TYRE_0061,1
CAL_M2,TYRE_0062,0
CAL_M2,TYRE_0063,1
CAL_M2,TYRE_0064,1
CAL_M2,TYRE_0065,0
CAL_M2,TYRE_0066,0
CAL_M2,TYRE_0067,0
CAL_M2,TYRE_0068,1
CAL_M2,TYRE_0069,0
CAL_M2,TYRE_0070,1
CAL_M2,TYRE_0071,1
CAL_M2,TYRE_0072,1
CAL_M2,TYRE_0073,0
CAL_M2,TYRE_0074,1
CAL_M2,TYRE_0075,0
CAL_M2,TYRE_0076,1
CAL_M2,TYRE_0077,0
CAL_M2,TYRE_0078,0
CAL_M2,TYRE_0079,1
CAL_M2,TYRE_0080,1
CAL_M2,TYRE_0081,1
CAL_M2,TYRE_0082,1
CAL_M2,TYRE_0083,1
CAL_M2,TYRE_0084,1
CAL_M2,TYRE_0085,1
CAL_M2,TYRE_0086,1
CAL_M2,TYRE_0087,0
CAL_M2,TYRE_0088,1
CAL_M2,TYRE_0089,1
CAL_M2,TYRE_0090,1
CAL_M2,TYRE_0091,1
CAL_M2,TYRE_0092,1
CAL_M2,TYRE_0093,1
CAL_M2,TYRE_0094,1
CAL_M2,TYRE_0095,1
CAL_M2,TYRE_0096,1
CAL_M2,TYRE_0097,1
CAL_M2,TYRE_0098,1
CAL_M2,TYRE_0099,1
CAL_M2,TYRE_0100,1
CAL_M2,TYRE_0101,1
CAL_M2,TYRE_0102,1
CAL_M2,TYRE_0103,1
CAL_M2,TYRE_0104,1
CAL_M2,TYRE_0105,1
CAL_M2,TYRE_0106,1
CAL_M2,TYRE_0107,1
CAL_M2,TYRE_0108,1
CAL_M2,TYRE_0109,1
CAL_M2,TYRE_0110,1
CAL_M2,TYRE_0111,1
CAL_M2,TYRE_0112,0
CAL_M2,TYRE_0113,0
CAL_M2,TYRE_0114,0
CAL_M2,TYRE_0115,0
CAL_M2,TYRE_0116,1
CAL_M2,TYRE_0117,1
CAL_M2,TYRE_0118,0
CAL_M2,TYRE_0119,1
CAL_M2,TYRE_0120,1
CAL_M2,TYRE_0121,1
CAL_M2,TYRE_0122,1
CAL_M2,TYRE_0123,1
CAL_M2,TYRE_0124,1
CAL_M2,TYRE_0125,1
CAL_M2,TYRE_0126,1
CAL_M2,TYRE_0127,1
CAL_M2,TYRE_0128,1
CAL_M2,TYRE_0129,1
CAL_M2,TYRE_0130,1
CAL_M2,TYRE_0131,1
CAL_M2,TYRE_0132,1
CAL_M2,TYRE_0133,1
CAL_M2,TYRE_0134,1
CAL_M2,TYRE_0135,1
CAL_M2,TYRE_0136,0
CAL_M2,TYRE_0137,0
CAL_M2,TYRE_0138,0
CAL_M2,TYRE_0139,0
CAL_M2,TYRE_0140,1
CAL_M2,TYRE_0141,0
CAL_M2,TYRE_0142,1
CAL_M2,TYRE_0143,1
CAL_M2,TYRE_0144,1
CAL_M2,TYRE_0145,0
CAL_M2,TYRE_0146,1
CAL_M2,TYRE_0147,0
CAL_M2,TYRE_0148,1
CAL_M2,TYRE_0149,1
CAL_M3,TYRE_0000,1
CAL_M3,TYRE_0001,0
CAL_M3,TYRE_0002,1
CAL_M3,TYRE_0003,1
CAL_M3,TYRE_0004,1
CAL_M3,TYRE_0005,1
CAL_M3,TYRE_0006,1
CAL_M3,TYRE_0007,1
CAL_M3,TYRE_0008,1
CAL_M3,TYRE_0009,0
CAL_M3,TYRE_0010,0
CAL_M3,TYRE_0011,1
CAL_M3,TYRE_0012,0
CAL_M3,TYRE_0013,1
CAL_M3,TYRE_0014,0
CAL_M3,TYRE_0015,1
CAL_M3,TYRE_0016,1
CAL_M3,TYRE_0017,1
CAL_M3,TYRE_0018,1
CAL_M3,TYRE_0019,1
CAL_M3,TYRE_0020,1
CAL_M3,TYRE_0021,1
CAL_M3,TYRE_0022,1
CAL_M3,TYRE_0023,1
CAL_M3,TYRE_0024,1
CAL_M3,TYRE_0025,1
CAL_M3,TYRE_0026,1
CAL_M3,TYRE_0027,1
CAL_M3,TYRE_0028,1
CAL_M3,TYRE_0029,1
CAL_M3,TYRE_0030,1
CAL_M3,TYRE_0031,1
CAL_M3,TYRE_0032,1
CAL_M3,TYRE_0033,1
CAL_M3,TYRE_0034,1
CAL_M3,TYRE_0035,1
CAL_M3,TYRE_0036,0
CAL_M3,TYRE_0037,1
CAL_M3,TYRE_0038,1
CAL_M3,TYRE_0039,1
CAL_M3,TYRE_0040,0
CAL_M3,TYRE_0041,0
CAL_M3,TYRE_0042,0
CAL_M3,TYRE_0043,1
CAL_M3,TYRE_0044,1
CAL_M3,TYRE_0045,0
CAL_M3,TYRE_0046,1
CAL_M3,TYRE_0047,1
CAL_M3,TYRE_0048,1
CAL_M3,TYRE_0049,1
CAL_M3,TYRE_0050,1
CAL_M3,TYRE_0051,0
CAL_M3,TYRE_0052,1
CAL_M3,TYRE_0053,1
CAL_M3,TYRE_0054,1
CAL_M3,TYRE_0055,1
CAL_M3,TYRE_0056,1
CAL_M3,TYRE_0057,1
CAL_M3,TYRE_0058,1
CAL_M3,TYRE_0059,0
CAL_M3,TYRE_0060,1
CAL_M3,TYRE_0061,1
CAL_M3,TYRE_0062,1
CAL_M3,TYRE_0063,1
CAL_M3,TYRE_0064,1
CAL_M3,TYRE_0065,0
CAL_M3,TYRE_0066,0
CAL_M3,TYRE_0067,1
CAL_M3,TYRE_0068,1
CAL_M3,TYRE_0069,0
CAL_M3,TYRE_0070,1
CAL_M3,TYRE_0071,1
CAL_M3,TYRE_0072,1
CAL_M3,TYRE_0073,1
CAL_M3,TYRE_0074,0
CAL_M3,TYRE_0075,1
CAL_M3,TYRE_0076,1
CAL_M3,TYRE_0077,0
CAL_M3,TYRE_0078,1
CAL_M3,TYRE_0079,1
CAL_M3,TYRE_0080,1
CAL_M3,TYRE_0081,1
CAL_M3,TYRE_0082,1
CAL_M3,TYRE_0083,1
CAL_M3,TYRE_0084,1
CAL_M3,TYRE_0085,1
CAL_M3,TYRE_0086,0
CAL_M3,TYRE_0087,0
CAL_M3,TYRE_0088,0
CAL_M3,TYRE_0089,1
CAL_M3,TYRE_0090,1
CAL_M3,TYRE_0091,1
CAL_M3,TYRE_0092,1
CAL_M3,TYRE_0093,1
CAL_M3,TYRE_0094,1
CAL_M3,TYRE_0095,1
CAL_M3,TYRE_0096,1
CAL_M3,TYRE_0097,1
CAL_M3,TYRE_0098,0
CAL_M3,TYRE_0099,1
CAL_M3,TYRE_0100,0
CAL_M3,TYRE_0101,0
CAL_M3,TYRE_0102,1
CAL_M3,TYRE_0103,1
CAL_M3,TYRE_0104,0
CAL_M3,TYRE_0105,1
CAL_M3,TYRE_0106,1
CAL_M3,TYRE_0107,1
CAL_M3,TYRE_0108,0
CAL_M3,TYRE_0109,1
CAL_M3,TYRE_0110,1
CAL_M3,TYRE_0111,1
CAL_M3,TYRE_0112,1
CAL_M3,TYRE_0113,0
CAL_M3,TYRE_0114,1
CAL_M3,TYRE_0115,1
CAL_M3,TYRE_0116,1
CAL_M3,TYRE_0117,0
CAL_M3,TYRE_0118,0
CAL_M3,TYRE_0119,1
CAL_M3,TYRE_0120,1
CAL_M3,TYRE_0121,1
CAL_M3,TYRE_0122,1
CAL_M3,TYRE_0123,1
CAL_M3,TYRE_0124,0
CAL_M3,TYRE_0125,1
CAL_M3,TYRE_0126,1
CAL_M3,TYRE_0127,1
CAL_M3,TYRE_0128,0
CAL_M3,TYRE_0129,1
CAL_M3,TYRE_0130,1
CAL_M3,TYRE_0131,1
CAL_M3,TYRE_0132,1
CAL_M3,TYRE_0133,1
CAL_M3,TYRE_0134,1
CAL_M3,TYRE_0135,1
CAL_M3,TYRE_0136,1
CAL_M3,TYRE_0137,1
CAL_M3,TYRE_0138,1
CAL_M3,TYRE_0139,1
CAL_M3,TYRE_0140,1
CAL_M3,TYRE_0141,1
CAL_M3,TYRE_0142,0
CAL_M3,TYRE_0143,1
CAL_M3,TYRE_0144,1
CAL_M3,TYRE_0145,1
CAL_M3,TYRE_0146,1
CAL_M3,TYRE_0147,1
CAL_M3,TYRE_0148,1
CAL_M3,TYRE_0149,1
CAL_M4,TYRE_0000,1
CAL_M4,TYRE_0001,1
CAL_M4,TYRE_0002,1
CAL_M4,TYRE_0003,0
CAL_M4,TYRE_0004,1
CAL_M4,TYRE_0005,1
CAL_M4,TYRE_0006,1
CAL_M4,TYRE_0007,1
CAL_M4,TYRE_0008,1
CAL_M4,TYRE_0009,1
CAL_M4,TYRE_0010,1
CAL_M4,TYRE_0011,0
CAL_M4,TYRE_0012,0
CAL_M4,TYRE_0013,1
CAL_M4,TYRE_0014,1
CAL_M4,TYRE_0015,0
CAL_M4,TYRE_0016,1
CAL_M4,TYRE_0017,1
CAL_M4,TYRE_0018,1
CAL_M4,TYRE_0019,1
CAL_M4,TYRE_0020,1
CAL_M4,TYRE_0021,0
CAL_M4,TYRE_0022,1
CAL_M4,TYRE_0023,1
CAL_M4,TYRE_0024,1
CAL_M4,TYRE_0025,1
CAL_M4,TYRE_0026,1
CAL_M4,TYRE_0027,1
CAL_M4,TYRE_0028,1
CAL_M4,TYRE_0029,1
CAL_M4,TYRE_0030,1
CAL_M4,TYRE_0031,1
CAL_M4,TYRE_0032,1
CAL_M4,TYRE_0033,0
CAL_M4,TYRE_0034,1
CAL_M4,TYRE_0035,0
CAL_M4,TYRE_0036,1
CAL_M4,TYRE_0037,1
CAL_M4,TYRE_0038,1
CAL_M4,TYRE_0039,1
CAL_M4,TYRE_0040,1
CAL_M4,TYRE_0041,0
CAL_M4,TYRE_0042,1
CAL_M4,TYRE_0043,1
CAL_M4,TYRE_0044,1
CAL_M4,TYRE_0045,1
CAL_M4,TYRE_0046,1
CAL_M4,TYRE_0047,0
CAL_M4,TYRE_0048,1
CAL_M4,TYRE_0049,1
CAL_M4,TYRE_0050,0
CAL_M4,TYRE_0051,1
CAL_M4,TYRE_0052,1
CAL_M4,TYRE_0053,0
CAL_M4,TYRE_0054,1
CAL_M4,TYRE_0055,1
CAL_M4,TYRE_0056,1
CAL_M4,TYRE_0057,1
CAL_M4,TYRE_0058,1
CAL_M4,TYRE_0059,0
CAL_M4,TYRE_0060,1
CAL_M4,TYRE_0061,1
CAL_M4,TYRE_0062,1
CAL_M4,TYRE_0063,1
CAL_M4,TYRE_0064,1
CAL_M4,TYRE_0065,1
CAL_M4,TYRE_0066,1
CAL_M4,TYRE_0067,0
CAL_M4,TYRE_0068,1
CAL_M4,TYRE_0069,0
CAL_M4,TYRE_0070,0
CAL_M4,TYRE_0071,1
CAL_M4,TYRE_0072,1
CAL_M4,TYRE_0073,1
CAL_M4,TYRE_0074,1
CAL_M4,TYRE_0075,0
CAL_M4,TYRE_0076,1
CAL_M4,TYRE_0077,1
CAL_M4,TYRE_0078,1
CAL_M4,TYRE_0079,0
CAL_M4,TYRE_0080,0
CAL_M4,TYRE_0081,1
CAL_M4,TYRE_0082,1
CAL_M4,TYRE_0083,0
CAL_M4,TYRE_0084,1
CAL_M4,TYRE_0085,1
CAL_M4,TYRE_0086,1
CAL_M4,TYRE_0087,1
CAL_M4,TYRE_0088,1
CAL_M4,TYRE_0089,1
CAL_M4,TYRE_0090,1
CAL_M4,TYRE_0091,0
CAL_M4,TYRE_0092,1
CAL_M4,TYRE_0093,1
CAL_M4,TYRE_0094,1
CAL_M4,TYRE_0095,1
CAL_M4,TYRE_0096,1
CAL_M4,TYRE_0097,1
CAL_M4,TYRE_0098,1
CAL_M4,TYRE_0099,1
CAL_M4,TYRE_0100,1
CAL_M4,TYRE_0101,1
CAL_M4,TYRE_0102,1
CAL_M4,TYRE_0103,0
CAL_M4,TYRE_0104,1
CAL_M4,TYRE_0105,1
CAL_M4,TYRE_0106,1
CAL_M4,TYRE_0107,1
CAL_M4,TYRE_0108,1
CAL_M4,TYRE_0109,1
CAL_M4,TYRE_0110,1
CAL_M4,TYRE_0111,1
CAL_M4,TYRE_0112,1
CAL_M4,TYRE_0113,1
CAL_M4,TYRE_0114,0
CAL_M4,TYRE_0115,1
CAL_M4,TYRE_0116,1
CAL_M4,TYRE_0117,1
CAL_M4,TYRE_0118,1
CAL_M4,TYRE_0119,0
CAL_M4,TYRE_0120,1
CAL_M4,TYRE_0121,1
CAL_M4,TYRE_0122,1
CAL_M4,TYRE_0123,1
CAL_M4,TYRE_0124,1
CAL_M4,TYRE_0125,1
CAL_M4,TYRE_0126,1
CAL_M4,TYRE_0127,1
CAL_M4,TYRE_0128,1
CAL_M4,TYRE_0129,1
CAL_M4,TYRE_0130,0
CAL_M4,TYRE_0131,1
CAL_M4,TYRE_0132,1
CAL_M4,TYRE_0133,0
CAL_M4,TYRE_0134,1
CAL_M4,TYRE_0135,1
CAL_M4,TYRE_0136,1
CAL_M4,TYRE_0137,1
CAL_M4,TYRE_0138,1
CAL_M4,TYRE_0139,1
CAL_M4,TYRE_0140,1
CAL_M4,TYRE_0141,1
CAL_M4,TYRE_0142,1
CAL_M4,TYRE_0143,1
CAL_M4,TYRE_0144,0
CAL_M4,TYRE_0145,1
CAL_M4,TYRE_0146,1
CAL_M4,TYRE_0147,1
CAL_M4,TYRE_0148,0
CAL_M4,TYRE_0149,1
EXT_M1,TYRE_0000,0
EXT_M1,TYRE_0001,1
EXT_M1,TYRE_0002,1
EXT_M1,TYRE_0003,1
EXT_M1,TYRE_0004,1
EXT_M1,TYRE_0005,0
EXT_M1,TYRE_0006,1
EXT_M1,TYRE_0007,1
EXT_M1,TYRE_0008,1
EXT_M1,TYRE_0009,1
EXT_M1,TYRE_0010,1
EXT_M1,TYRE_0011,1
EXT_M1,TYRE_0012,0
EXT_M1,TYRE_0013,0
EXT_M1,TYRE_0014,1
EXT_M1,TYRE_0015,1
EXT_M1,TYRE_0016,1
EXT_M1,TYRE_0017,1
EXT_M1,TYRE_0018,1
EXT_M1,TYRE_0019,0
EXT_M1,TYRE_0020,1
EXT_M1,TYRE_0021,1
EXT_M1,TYRE_0022,1
EXT_M1,TYRE_0023,1
EXT_M1,TYRE_0024,0
EXT_M1,TYRE_0025,0
EXT_M1,TYRE_0026,0
EXT_M1,TYRE_0027,1
EXT_M1,TYRE_0028,0
EXT_M1,TYRE_0029,1
EXT_M1,TYRE_0030,0
EXT_M1,TYRE_0031,1
EXT_M1,TYRE_0032,1
EXT_M1,TYRE_0033,1
EXT_M1,TYRE_0034,1
EXT_M1,TYRE_0035,1
EXT_M1,TYRE_0036,1
EXT_M1,TYRE_0037,1
EXT_M1,TYRE_0038,0
EXT_M1,TYRE_0039,1
EXT_M1,TYRE_0040,1
EXT_M1,TYRE_0041,0
EXT_M1,TYRE_0042,1
EXT_M1,TYRE_0043,1
EXT_M1,TYRE_0044,1
EXT_M1,TYRE_0045,1
EXT_M1,TYRE_0046,0
EXT_M1,TYRE_0047,1
EXT_M1,TYRE_0048,0
EXT_M1,TYRE_0049,1
EXT_M1,TYRE_0050,1
EXT_M1,TYRE_0051,1
EXT_M1,TYRE_0052,0
EXT_M1,TYRE_0053,1
EXT_M1,TYRE_0054,1
EXT_M1,TYRE_0055,1
EXT_M1,TYRE_0056,0
EXT_M1,TYRE_0057,1
EXT_M1,TYRE_0058,1
EXT_M1,TYRE_0059,1
EXT_M1,TYRE_0060,1
EXT_M1,TYRE_0061,1
EXT_M1,TYRE_0062,0
EXT_M1,TYRE_0063,1
EXT_M1,TYRE_0064,1
EXT_M1,TYRE_0065,1
EXT_M1,TYRE_0066,0
EXT_M1,TYRE_0067,1
EXT_M1,TYRE_0068,0
EXT_M1,TYRE_0069,0
EXT_M1,TYRE_0070,1
EXT_M1,TYRE_0071,0
EXT_M1,TYRE_0072,1
EXT_M1,TYRE_0073,1
EXT_M1,TYRE_0074,0
EXT_M1,TYRE_0075,1
EXT_M1,TYRE_0076,1
EXT_M1,TYRE_0077,1
EXT_M1,TYRE_0078,1
EXT_M1,TYRE_0079,1
EXT_M1,TYRE_0080,0
EXT_M1,TYRE_0081,1
EXT_M1,TYRE_0082,1
EXT_M1,TYRE_0083,1
EXT_M1,TYRE_0084,1
EXT_M1,TYRE_0085,1
EXT_M1,TYRE_0086,0
EXT_M1,TYRE_0087,0
EXT_M1,TYRE_0088,1
EXT_M1,TYRE_0089,1
EXT_M1,TYRE_0090,0
EXT_M1,TYRE_0091,1
EXT_M1,TYRE_0092,1
EXT_M1,TYRE_0093,1
EXT_M1,TYRE_0094,1
EXT_M1,TYRE_0095,0
EXT_M1,TYRE_0096,1
EXT_M1,TYRE_0097,0
EXT_M1,TYRE_0098,1
EXT_M1,TYRE_0099,1
EXT_M1,TYRE_0100,1
EXT_M1,TYRE_0101,1
EXT_M1,TYRE_0102,1
EXT_M1,TYRE_0103,1
EXT_M1,TYRE_0104,1
EXT_M1,TYRE_0105,1
EXT_M1,TYRE_0106,0
EXT_M1,TYRE_0107,1
EXT_M1,TYRE_0108,1
EXT_M1,TYRE_0109,0
EXT_M1,TYRE_0110,1
EXT_M1,TYRE_0111,1
EXT_M1,TYRE_0112,0
EXT_M1,TYRE_0113,1
EXT_M1,TYRE_0114,1
EXT_M1,TYRE_0115,0
EXT_M1,TYRE_0116,1
EXT_M1,TYRE_0117,1
EXT_M1,TYRE_0118,1
EXT_M1,TYRE_0119,1
EXT_M1,TYRE_0120,1
EXT_M1,TYRE_0121,1
EXT_M1,TYRE_0122,0
EXT_M1,TYRE_0123,1
EXT_M1,TYRE_0124,1
EXT_M1,TYRE_0125,1
EXT_M1,TYRE_0126,1
EXT_M1,TYRE_0127,1
EXT_M1,TYRE_0128,1
EXT_M1,TYRE_0129,1
EXT_M1,TYRE_0130,1
EXT_M1,TYRE_0131,1
EXT_M1,TYRE_0132,1
EXT_M1,TYRE_0133,0
EXT_M1,TYRE_0134,1
EXT_M1,TYRE_0135,0
EXT_M1,TYRE_0136,1
EXT_M1,TYRE_0137,1
EXT_M1,TYRE_0138,1
EXT_M1,TYRE_0139,0
EXT_M1,TYRE_0140,1
EXT_M1,TYRE_0141,0
EXT_M1,TYRE_0142,1
EXT_M1,TYRE_0143,1
EXT_M1,TYRE_0144,0
EXT_M1,TYRE_0145,0
EXT_M1,TYRE_0146,1
EXT_M1,TYRE_0147,1
EXT_M1,TYRE_0148,1
EXT_M1,TYRE_0149,1
EXT_M2,TYRE_0000,1
EXT_M2,TYRE_0001,0
EXT_M2,TYRE_0002,1
EXT_M2,TYRE_0003,1
EXT_M2,TYRE_0004,1
EXT_M2,TYRE_0005,0
EXT_M2,TYRE_0006,1
EXT_M2,TYRE_0007,0
EXT_M2,TYRE_0008,1
EXT_M2,TYRE_0009,1
EXT_M2,TYRE_0010,1
EXT_M2,TYRE_0011,0
EXT_M2,TYRE_0012,0
EXT_M2,TYRE_0013,1
EXT_M2,TYRE_0014,1
EXT_M2,TYRE_0015,1
EXT_M2,TYRE_0016,0
EXT_M2,TYRE_0017,1
EXT_M2,TYRE_0018,1
EXT_M2,TYRE_0019,1
EXT_M2,TYRE_0020,1
EXT_M2,TYRE_0021,1
EXT_M2,TYRE_0022,1
EXT_M2,TYRE_0023,1
EXT_M2,TYRE_0024,1
EXT_M2,TYRE_0025,1
EXT_M2,TYRE_0026,1
EXT_M2,TYRE_0027,1
EXT_M2,TYRE_0028,1
EXT_M2,TYRE_0029,1
EXT_M2,TYRE_0030,0
EXT_M2,TYRE_0031,0
EXT_M2,TYRE_0032,1
EXT_M2,TYRE_0033,0
EXT_M2,TYRE_0034,1
EXT_M2,TYRE_0035,1
EXT_M2,TYRE_0036,1
EXT_M2,TYRE_0037,0
EXT_M2,TYRE_0038,1
EXT_M2,TYRE_0039,1
EXT_M2,TYRE_0040,1
EXT_M2,TYRE_0041,1
EXT_M2,TYRE_0042,1
EXT_M2,TYRE_0043,1
EXT_M2,TYRE_0044,1
EXT_M2,TYRE_0045,1
EXT_M2,TYRE_0046,1
EXT_M2,TYRE_0047,1
EXT_M2,TYRE_0048,0
EXT_M2,TYRE_0049,1
EXT_M2,TYRE_0050,1
EXT_M2,TYRE_0051,1
EXT_M2,TYRE_0052,1
EXT_M2,TYRE_0053,1
EXT_M2,TYRE_0054,1
EXT_M2,TYRE_0055,1
EXT_M2,TYRE_0056,1
EXT_M2,TYRE_0057,1
EXT_M2,TYRE_0058,1
EXT_M2,TYRE_0059,1
EXT_M2,TYRE_0060,1
EXT_M2,TYRE_0061,0
EXT_M2,TYRE_0062,1
EXT_M2,TYRE_0063,0
EXT_M2,TYRE_0064,1
EXT_M2,TYRE_0065,1
EXT_M2,TYRE_0066,0
EXT_M2,TYRE_0067,1
EXT_M2,TYRE_0068,1
EXT_M2,TYRE_0069,1
EXT_M2,TYRE_0070,1
EXT_M2,TYRE_0071,1
EXT_M2,TYRE_0072,1
EXT_M2,TYRE_0073,0
EXT_M2,TYRE_0074,1
EXT_M2,TYRE_0075,1
EXT_M2,TYRE_0076,1
EXT_M2,TYRE_0077,1
EXT_M2,TYRE_0078,1
EXT_M2,TYRE_0079,0
EXT_M2,TYRE_0080,1
EXT_M2,TYRE_0081,1
EXT_M2,TYRE_0082,1
EXT_M2,TYRE_0083,1
EXT_M2,TYRE_0084,1
EXT_M2,TYRE_0085,1
EXT_M2,TYRE_0086,0
EXT_M2,TYRE_0087,1
EXT_M2,TYRE_0088,1
EXT_M2,TYRE_0089,1
EXT_M2,TYRE_0090,1
EXT_M2,TYRE_0091,1
EXT_M2,TYRE_0092,0
EXT_M2,TYRE_0093,1
EXT_M2,TYRE_0094,1
EXT_M2,TYRE_0095,0
EXT_M2,TYRE_0096,1
EXT_M2,TYRE_0097,0
EXT_M2,TYRE_0098,0
EXT_M2,TYRE_0099,1
EXT_M2,TYRE_0100,0
EXT_M2,TYRE_0101,1
EXT_M2,TYRE_0102,1
EXT_M2,TYRE_0103,1
EXT_M2,TYRE_0104,0
EXT_M2,TYRE_0105,1
EXT_M2,TYRE_0106,1
EXT_M2,TYRE_0107,1
EXT_M2,TYRE_0108,0
EXT_M2,TYRE_0109,1
EXT_M2,TYRE_0110,1
EXT_M2,TYRE_0111,1
EXT_M2,TYRE_0112,1
EXT_M2,TYRE_0113,1
EXT_M2,TYRE_0114,1
EXT_M2,TYRE_0115,0
EXT_M2,TYRE_0116,1
EXT_M2,TYRE_0117,1
EXT_M2,TYRE_0118,1
EXT_M2,TYRE_0119,0
EXT_M2,TYRE_0120,1
EXT_M2,TYRE_0121,1
EXT_M2,TYRE_0122,1
EXT_M2,TYRE_0123,0
EXT_M2,TYRE_0124,1
EXT_M2,TYRE_0125,1
EXT_M2,TYRE_0126,1
EXT_M2,TYRE_0127,1
EXT_M2,TYRE_0128,1
EXT_M2,TYRE_0129,1
EXT_M2,TYRE_0130,1
EXT_M2,TYRE_0131,0
EXT_M2,TYRE_0132,1
EXT_M2,TYRE_0133,0
EXT_M2,TYRE_0134,0
EXT_M2,TYRE_0135,1
EXT_M2,TYRE_0136,0
EXT_M2,TYRE_0137,1
EXT_M2,TYRE_0138,0
EXT_M2,TYRE_0139,1
EXT_M2,TYRE_0140,0
EXT_M2,TYRE_0141,1
EXT_M2,TYRE_0142,0
EXT_M2,TYRE_0143,1
EXT_M2,TYRE_0144,1
EXT_M2,TYRE_0145,1
EXT_M2,TYRE_0146,1
EXT_M2,TYRE_0147,0
EXT_M2,TYRE_0148,0
EXT_M2,TYRE_0149,1
EXT_M3,TYRE_0000,1
EXT_M3,TYRE_0001,1
EXT_M3,TYRE_0002,1
EXT_M3,TYRE_0003,1
EXT_M3,TYRE_0004,1
EXT_M3,TYRE_0005,1
EXT_M3,TYRE_0006,1
EXT_M3,TYRE_0007,1
EXT_M3,TYRE_0008,1
EXT_M3,TYRE_0009,1
EXT_M3,TYRE_0010,1
EXT_M3,TYRE_0011,1
EXT_M3,TYRE_0012,1
EXT_M3,TYRE_0013,0
EXT_M3,TYRE_0014,1
EXT_M3,TYRE_0015,1
EXT_M3,TYRE_0016,1
EXT_M3,TYRE_0017,1
EXT_M3,TYRE_0018,1
EXT_M3,TYRE_0019,0
EXT_M3,TYRE_0020,1
EXT_M3,TYRE_0021,1
EXT_M3,TYRE_0022,1
EXT_M3,TYRE_0023,1
EXT_M3,TYRE_0024,1
EXT_M3,TYRE_0025,1
EXT_M3,TYRE_0026,1
EXT_M3,TYRE_0027,0
EXT_M3,TYRE_0028,1
EXT_M3,TYRE_0029,1
EXT_M3,TYRE_0030,1
EXT_M3,TYRE_0031,1
EXT_M3,TYRE_0032,1
EXT_M3,TYRE_0033,1
EXT_M3,TYRE_0034,1
EXT_M3,TYRE_0035,1
EXT_M3,TYRE_0036,1
EXT_M3,TYRE_0037,1
EXT_M3,TYRE_0038,1
EXT_M3,TYRE_0039,0
EXT_M3,TYRE_0040,0
EXT_M3,TYRE_0041,1
EXT_M3,TYRE_0042,1
EXT_M3,TYRE_0043,0
EXT_M3,TYRE_0044,1
EXT_M3,TYRE_0045,0
EXT_M3,TYRE_0046,1
EXT_M3,TYRE_0047,1
EXT_M3,TYRE_0048,1
EXT_M3,TYRE_0049,1
EXT_M3,TYRE_0050,1
EXT_M3,TYRE_0051,1
EXT_M3,TYRE_0052,1
EXT_M3,TYRE_0053,1
EXT_M3,TYRE_0054,1
EXT_M3,TYRE_0055,1
EXT_M3,TYRE_0056,1
EXT_M3,TYRE_0057,1
EXT_M3,TYRE_0058,1
EXT_M3,TYRE_0059,1
EXT_M3,TYRE_0060,1
EXT_M3,TYRE_0061,1
EXT_M3,TYRE_0062,1
EXT_M3,TYRE_0063,1
EXT_M3,TYRE_0064,1
EXT_M3,TYRE_0065,1
EXT_M3,TYRE_0066,0
EXT_M3,TYRE_0067,1
EXT_M3,TYRE_0068,0
EXT_M3,TYRE_0069,0
EXT_M3,TYRE_0070,1
EXT_M3,TYRE_0071,1
EXT_M3,TYRE_0072,1
EXT_M3,TYRE_0073,1
EXT_M3,TYRE_0074,1
EXT_M3,TYRE_0075,1
EXT_M3,TYRE_0076,1
EXT_M3,TYRE_0077,1
EXT_M3,TYRE_0078,0
EXT_M3,TYRE_0079,1
EXT_M3,TYRE_0080,0
EXT_M3,TYRE_0081,1
EXT_M3,TYRE_0082,1
EXT_M3,TYRE_0083,1
EXT_M3,TYRE_0084,1
EXT_M3,TYRE_0085,1
EXT_M3,TYRE_0086,1
EXT_M3,TYRE_0087,0
EXT_M3,TYRE_0088,0
EXT_M3,TYRE_0089,1
EXT_M3,TYRE_0090,0
EXT_M3,TYRE_0091,1
EXT_M3,TYRE_0092,0
EXT_M3,TYRE_0093,1
EXT_M3,TYRE_0094,0
EXT_M3,TYRE_0095,1
EXT_M3,TYRE_0096,1
EXT_M3,TYRE_0097,1
EXT_M3,TYRE_0098,1
EXT_M3,TYRE_0099,1
EXT_M3,TYRE_0100,1
EXT_M3,TYRE_0101,1
EXT_M3,TYRE_0102,1
EXT_M3,TYRE_0103,1
EXT_M3,TYRE_0104,1
EXT_M3,TYRE_0105,1
EXT_M3,TYRE_0106,1
EXT_M3,TYRE_0107,0
EXT_M3,TYRE_0108,0
EXT_M3,TYRE_0109,1
EXT_M3,TYRE_0110,1
EXT_M3,TYRE_0111,1
EXT_M3,TYRE_0112,1
EXT_M3,TYRE_0113,1
EXT_M3,TYRE_0114,1
EXT_M3,TYRE_0115,1
EXT_M3,TYRE_0116,1
EXT_M3,TYRE_0117,1
EXT_M3,TYRE_0118,1
EXT_M3,TYRE_0119,1
EXT_M3,TYRE_0120,1
EXT_M3,TYRE_0121,1
EXT_M3,TYRE_0122,1
EXT_M3,TYRE_0123,1
EXT_M3,TYRE_0124,0
EXT_M3,TYRE_0125,1
EXT_M3,TYRE_0126,1
EXT_M3,TYRE_0127,0
EXT_M3,TYRE_0128,0
EXT_M3,TYRE_0129,1
EXT_M3,TYRE_0130,1
EXT_M3,TYRE_0131,0
EXT_M3,TYRE_0132,0
EXT_M3,TYRE_0133,1
EXT_M3,TYRE_0134,1
EXT_M3,TYRE_0135,0
EXT_M3,TYRE_0136,1
EXT_M3,TYRE_0137,1
EXT_M3,TYRE_0138,0
EXT_M3,TYRE_0139,1
EXT_M3,TYRE_0140,1
EXT_M3,TYRE_0141,1
EXT_M3,TYRE_0142,1
EXT_M3,TYRE_0143,1
EXT_M3,TYRE_0144,1
EXT_M3,TYRE_0145,1
EXT_M3,TYRE_0146,0
EXT_M3,TYRE_0147,1
EXT_M3,TYRE_0148,1
EXT_M3,TYRE_0149,1
EXT_M4,TYRE_0000,1
EXT_M4,TYRE_0001,1
EXT_M4,TYRE_0002,1
EXT_M4,TYRE_0003,1
EXT_M4,TYRE_0004,1
EXT_M4,TYRE_0005,1
EXT_M4,TYRE_0006,1
EXT_M4,TYRE_0007,1
EXT_M4,TYRE_0008,1
EXT_M4,TYRE_0009,1
EXT_M4,TYRE_0010,1
EXT_M4,TYRE_0011,1
EXT_M4,TYRE_0012,1
EXT_M4,TYRE_0013,1
EXT_M4,TYRE_0014,0
EXT_M4,TYRE_0015,0
EXT_M4,TYRE_0016,1
EXT_M4,TYRE_0017,0
EXT_M4,TYRE_0018,1
EXT_M4,TYRE_0019,1
EXT_M4,TYRE_0020,1
EXT_M4,TYRE_0021,0
EXT_M4,TYRE_0022,0
EXT_M4,TYRE_0023,0
EXT_M4,TYRE_0024,0
EXT_M4,TYRE_0025,1
EXT_M4,TYRE_0026,1
EXT_M4,TYRE_0027,1
EXT_M4,TYRE_0028,0
EXT_M4,TYRE_0029,1
EXT_M4,TYRE_0030,1
EXT_M4,TYRE_0031,0
EXT_M4,TYRE_0032,1
EXT_M4,TYRE_0033,1
EXT_M4,TYRE_0034,1
EXT_M4,TYRE_0035,1
EXT_M4,TYRE_0036,1
EXT_M4,TYRE_0037,1
EXT_M4,TYRE_0038,1
EXT_M4,TYRE_0039,0
EXT_M4,TYRE_0040,1
EXT_M4,TYRE_0041,1
EXT_M4,TYRE_0042,1
EXT_M4,TYRE_0043,1
EXT_M4,TYRE_0044,1
EXT_M4,TYRE_0045,0
EXT_M4,TYRE_0046,1
EXT_M4,TYRE_0047,0
EXT_M4,TYRE_0048,0
EXT_M4,TYRE_0049,1
EXT_M4,TYRE_0050,1
EXT_M4,TYRE_0051,1
EXT_M4,TYRE_0052,1
EXT_M4,TYRE_0053,0
EXT_M4,TYRE_0054,1
EXT_M4,TYRE_0055,0
EXT_M4,TYRE_0056,1
EXT_M4,TYRE_0057,1
EXT_M4,TYRE_0058,1
EXT_M4,TYRE_0059,1
EXT_M4,TYRE_0060,1
EXT_M4,TYRE_0061,1
EXT_M4,TYRE_0062,1
EXT_M4,TYRE_0063,1
EXT_M4,TYRE_0064,1
EXT_M4,TYRE_0065,0
EXT_M4,TYRE_0066,1
EXT_M4,TYRE_0067,1
EXT_M4,TYRE_0068,0
EXT_M4,TYRE_0069,1
EXT_M4,TYRE_0070,1
EXT_M4,TYRE_0071,1
EXT_M4,TYRE_0072,1
EXT_M4,TYRE_0073,1
EXT_M4,TYRE_0074,1
EXT_M4,TYRE_0075,1
EXT_M4,TYRE_0076,1
EXT_M4,TYRE_0077,1
EXT_M4,TYRE_0078,1
EXT_M4,TYRE_0079,1
EXT_M4,TYRE_0080,1
EXT_M4,TYRE_0081,1
EXT_M4,TYRE_0082,1
EXT_M4,TYRE_0083,1
EXT_M4,TYRE_0084,1
EXT_M4,TYRE_0085,1
EXT_M4,TYRE_0086,1
EXT_M4,TYRE_0087,1
EXT_M4,TYRE_0088,0
EXT_M4,TYRE_0089,1
EXT_M4,TYRE_0090,0
EXT_M4,TYRE_0091,0
EXT_M4,TYRE_0092,1
EXT_M4,TYRE_0093,1
EXT_M4,TYRE_0094,1
EXT_M4,TYRE_0095,1
EXT_M4,TYRE_0096,1
EXT_M4,TYRE_0097,1
EXT_M4,TYRE_0098,1
EXT_M4,TYRE_0099,1
EXT_M4,TYRE_0100,1
EXT_M4,TYRE_0101,0
EXT_M4,TYRE_0102,1
EXT_M4,TYRE_0103,1
EXT_M4,TYRE_0104,1
EXT_M4,TYRE_0105,1
EXT_M4,TYRE_0106,1
EXT_M4,TYRE_0107,1
EXT_M4,TYRE_0108,1
EXT_M4,TYRE_0109,0
EXT_M4,TYRE_0110,1
EXT_M4,TYRE_0111,1
EXT_M4,TYRE_0112,1
EXT_M4,TYRE_0113,1
EXT_M4,TYRE_0114,1
EXT_M4,TYRE_0115,0
EXT_M4,TYRE_0116,1
EXT_M4,TYRE_0117,1
EXT_M4,TYRE_0118,1
EXT_M4,TYRE_0119,1
EXT_M4,TYRE_0120,1
EXT_M4,TYRE_0121,0
EXT_M4,TYRE_0122,1
EXT_M4,TYRE_0123,1
EXT_M4,TYRE_0124,1
EXT_M4,TYRE_0125,1
EXT_M4,TYRE_0126,0
EXT_M4,TYRE_0127,0
EXT_M4,TYRE_0128,1
EXT_M4,TYRE_0129,1
EXT_M4,TYRE_0130,1
EXT_M4,TYRE_0131,1
EXT_M4,TYRE_0132,1
EXT_M4,TYRE_0133,1
EXT_M4,TYRE_0134,0
EXT_M4,TYRE_0135,1
EXT_M4,TYRE_0136,1
EXT_M4,TYRE_0137,1
EXT_M4,TYRE_0138,1
EXT_M4,TYRE_0139,1
EXT_M4,TYRE_0140,0
EXT_M4,TYRE_0141,1
EXT_M4,TYRE_0142,1
EXT_M4,TYRE_0143,1
EXT_M4,TYRE_0144,1
EXT_M4,TYRE_0145,1
EXT_M4,TYRE_0146,1
EXT_M4,TYRE_0147,1
EXT_M4,TYRE_0148,1
EXT_M4,TYRE_0149,1
EXT_M5,TYRE_0000,1
EXT_M5,TYRE_0001,0
EXT_M5,TYRE_0002,1
EXT_M5,TYRE_0003,1
EXT_M5,TYRE_0004,0
EXT_M5,TYRE_0005,1
EXT_M5,TYRE_0006,1
EXT_M5,TYRE_0007,1
EXT_M5,TYRE_0008,1
EXT_M5,TYRE_0009,1
EXT_M5,TYRE_0010,0
EXT_M5,TYRE_0011,1
EXT_M5,TYRE_0012,0
EXT_M5,TYRE_0013,1
EXT_M5,TYRE_0014,1
EXT_M5,TYRE_0015,1
EXT_M5,TYRE_0016,1
EXT_M5,TYRE_0017,1
EXT_M5,TYRE_0018,0
EXT_M5,TYRE_0019,1
EXT_M5,TYRE_0020,1
EXT_M5,TYRE_0021,1
EXT_M5,TYRE_0022,0
EXT_M5,TYRE_0023,1
EXT_M5,TYRE_0024,1
EXT_M5,TYRE_0025,0
EXT_M5,TYRE_0026,1
EXT_M5,TYRE_0027,1
EXT_M5,TYRE_0028,1
EXT_M5,TYRE_0029,0
EXT_M5,TYRE_0030,0
EXT_M5,TYRE_0031,1
EXT_M5,TYRE_0032,0
EXT_M5,TYRE_0033,0
EXT_M5,TYRE_0034,1
EXT_M5,TYRE_0035,1
EXT_M5,TYRE_0036,1
EXT_M5,TYRE_0037,1
EXT_M5,TYRE_0038,1
EXT_M5,TYRE_0039,1
EXT_M5,TYRE_0040,1
EXT_M5,TYRE_0041,1
EXT_M5,TYRE_0042,1
EXT_M5,TYRE_0043,0
EXT_M5,TYRE_0044,1
EXT_M5,TYRE_0045,1
EXT_M5,TYRE_0046,0
EXT_M5,TYRE_0047,1
EXT_M5,TYRE_0048,0
EXT_M5,TYRE_0049,1
EXT_M5,TYRE_0050,1
EXT_M5,TYRE_0051,1
EXT_M5,TYRE_0052,0
EXT_M5,TYRE_0053,1
EXT_M5,TYRE_0054,0
EXT_M5,TYRE_0055,1
EXT_M5,TYRE_0056,1
EXT_M5,TYRE_0057,1
EXT_M5,TYRE_0058,1
EXT_M5,TYRE_0059,1
EXT_M5,TYRE_0060,1
EXT_M5,TYRE_0061,1
EXT_M5,TYRE_0062,1
EXT_M5,TYRE_0063,1
EXT_M5,TYRE_0064,1
EXT_M5,TYRE_0065,1
EXT_M5,TYRE_0066,0
EXT_M5,TYRE_0067,1
EXT_M5,TYRE_0068,1
EXT_M5,TYRE_0069,0
EXT_M5,TYRE_0070,1
EXT_M5,TYRE_0071,1
EXT_M5,TYRE_0072,1
EXT_M5,TYRE_0073,1
EXT_M5,TYRE_0074,1
EXT_M5,TYRE_0075,1
EXT_M5,TYRE_0076,1
EXT_M5,TYRE_0077,1
EXT_M5,TYRE_0078,1
EXT_M5,TYRE_0079,1
EXT_M5,TYRE_0080,1
EXT_M5,TYRE_0081,1
EXT_M5,TYRE_0082,0
EXT_M5,TYRE_0083,1
EXT_M5,TYRE_0084,0
EXT_M5,TYRE_0085,1
EXT_M5,TYRE_0086,1
EXT_M5,TYRE_0087,1
EXT_M5,TYRE_0088,1
EXT_M5,TYRE_0089,1
EXT_M5,TYRE_0090,1
EXT_M5,TYRE_0091,0
EXT_M5,TYRE_0092,1
EXT_M5,TYRE_0093,1
EXT_M5,TYRE_0094,1
EXT_M5,TYRE_0095,0
EXT_M5,TYRE_0096,1
EXT_M5,TYRE_0097,1
EXT_M5,TYRE_0098,1
EXT_M5,TYRE_0099,1
EXT_M5,TYRE_0100,1
EXT_M5,TYRE_0101,1
EXT_M5,TYRE_0102,1
EXT_M5,TYRE_0103,1
EXT_M5,TYRE_0104,1
EXT_M5,TYRE_0105,1
EXT_M5,TYRE_0106,1
EXT_M5,TYRE_0107,1
EXT_M5,TYRE_0108,1
EXT_M5,TYRE_0109,1
EXT_M5,TYRE_0110,1
EXT_M5,TYRE_0111,1
EXT_M5,TYRE_0112,1
EXT_M5,TYRE_0113,1
EXT_M5,TYRE_0114,0
EXT_M5,TYRE_0115,0
EXT_M5,TYRE_0116,1
EXT_M5,TYRE_0117,1
EXT_M5,TYRE_0118,1
EXT_M5,TYRE_0119,1
EXT_M5,TYRE_0120,1
EXT_M5,TYRE_0121,0
EXT_M5,TYRE_0122,0
EXT_M5,TYRE_0123,1
EXT_M5,TYRE_0124,1
EXT_M5,TYRE_0125,0
EXT_M5,TYRE_0126,1
EXT_M5,TYRE_0127,1
EXT_M5,TYRE_0128,1
EXT_M5,TYRE_0129,1
EXT_M5,TYRE_0130,0
EXT_M5,TYRE_0131,1
EXT_M5,TYRE_0132,1
EXT_M5,TYRE_0133,1
EXT_M5,TYRE_0134,1
EXT_M5,TYRE_0135,1
EXT_M5,TYRE_0136,0
EXT_M5,TYRE_0137,1
EXT_M5,TYRE_0138,1
EXT_M5,TYRE_0139,1
EXT_M5,TYRE_0140,1
EXT_M5,TYRE_0141,1
EXT_M5,TYRE_0142,1
EXT_M5,TYRE_0143,1
EXT_M5,TYRE_0144,1
EXT_M5,TYRE_0145,1
EXT_M5,TYRE_0146,1
EXT_M5,TYRE_0147,1
EXT_M5,TYRE_0148,1
EXT_M5,TYRE_0149,0
BLD_M1,TYRE_0000,1
BLD_M1,TYRE_0001,1
BLD_M1,TYRE_0002,1
BLD_M1,TYRE_0003,1
BLD_M1,TYRE_0004,1
BLD_M1,TYRE_0005,1
BLD_M1,TYRE_0006,1
BLD_M1,TYRE_0007,0
BLD_M1,TYRE_0008,1
BLD_M1,TYRE_0009,1
BLD_M1,TYRE_0010,1
BLD_M1,TYRE_0011,1
BLD_M1,TYRE_0012,1
BLD_M1,TYRE_0013,0
BLD_M1,TYRE_0014,1
BLD_M1,TYRE_0015,1
BLD_M1,TYRE_0016,0
BLD_M1,TYRE_0017,1
BLD_M1,TYRE_0018,1
BLD_M1,TYRE_0019,1
BLD_M1,TYRE_0020,1
BLD_M1,TYRE_0021,0
BLD_M1,TYRE_0022,1
BLD_M1,TYRE_0023,1
BLD_M1,TYRE_0024,1
BLD_M1,TYRE_0025,1
BLD_M1,TYRE_0026,1
BLD_M1,TYRE_0027,1
BLD_M1,TYRE_0028,1
BLD_M1,TYRE_0029,1
BLD_M1,TYRE_0030,1
BLD_M1,TYRE_0031,1
BLD_M1,TYRE_0032,1
BLD_M1,TYRE_0033,0
BLD_M1,TYRE_0034,1
BLD_M1,TYRE_0035,1
BLD_M1,TYRE_0036,1
BLD_M1,TYRE_0037,1
BLD_M1,TYRE_0038,1
BLD_M1,TYRE_0039,1
BLD_M1,TYRE_0040,1
BLD_M1,TYRE_0041,1
BLD_M1,TYRE_0042,1
BLD_M1,TYRE_0043,1
BLD_M1,TYRE_0044,1
BLD_M1,TYRE_0045,1
BLD_M1,TYRE_0046,1
BLD_M1,TYRE_0047,1
BLD_M1,TYRE_0048,1
BLD_M1,TYRE_0049,1
BLD_M1,TYRE_0050,1
BLD_M1,TYRE_0051,0
BLD_M1,TYRE_0052,1
BLD_M1,TYRE_0053,1
BLD_M1,TYRE_0054,1
BLD_M1,TYRE_0055,1
BLD_M1,TYRE_0056,1
BLD_M1,TYRE_0057,1
BLD_M1,TYRE_0058,1
BLD_M1,TYRE_0059,0
BLD_M1,TYRE_0060,1
BLD_M1,TYRE_0061,1
BLD_M1,TYRE_0062,1
BLD_M1,TYRE_0063,1
BLD_M1,TYRE_0064,1
BLD_M1,TYRE_0065,1
BLD_M1,TYRE_0066,1
BLD_M1,TYRE_0067,1
BLD_M1,TYRE_0068,1
BLD_M1,TYRE_0069,1
BLD_M1,TYRE_0070,1
BLD_M1,TYRE_0071,1
BLD_M1,TYRE_0072,1
BLD_M1,TYRE_0073,0
BLD_M1,TYRE_0074,1
BLD_M1,TYRE_0075,1
BLD_M1,TYRE_0076,1
BLD_M1,TYRE_0077,0
BLD_M1,TYRE_0078,1
BLD_M1,TYRE_0079,0
BLD_M1,TYRE_0080,0
BLD_M1,TYRE_0081,1
BLD_M1,TYRE_0082,1
BLD_M1,TYRE_0083,1
BLD_M1,TYRE_0084,1
BLD_M1,TYRE_0085,0
BLD_M1,TYRE_0086,1
BLD_M1,TYRE_0087,1
BLD_M1,TYRE_0088,0
BLD_M1,TYRE_0089,1
BLD_M1,TYRE_0090,1
BLD_M1,TYRE_0091,1
BLD_M1,TYRE_0092,1
BLD_M1,TYRE_0093,1
BLD_M1,TYRE_0094,1
BLD_M1,TYRE_0095,1
BLD_M1,TYRE_0096,1
BLD_M1,TYRE_0097,1
BLD_M1,TYRE_0098,0
BLD_M1,TYRE_0099,1
BLD_M1,TYRE_0100,0
BLD_M1,TYRE_0101,1
BLD_M1,TYRE_0102,0
BLD_M1,TYRE_0103,1
BLD_M1,TYRE_0104,1
BLD_M1,TYRE_0105,1
BLD_M1,TYRE_0106,0
BLD_M1,TYRE_0107,1
BLD_M1,TYRE_0108,1
BLD_M1,TYRE_0109,1
BLD_M1,TYRE_0110,1
BLD_M1,TYRE_0111,1
BLD_M1,TYRE_0112,0
BLD_M1,TYRE_0113,1
BLD_M1,TYRE_0114,1
BLD_M1,TYRE_0115,0
BLD_M1,TYRE_0116,1
BLD_M1,TYRE_0117,1
BLD_M1,TYRE_0118,0
BLD_M1,TYRE_0119,0
BLD_M1,TYRE_0120,1
BLD_M1,TYRE_0121,0
BLD_M1,TYRE_0122,1
BLD_M1,TYRE_0123,1
BLD_M1,TYRE_0124,0
BLD_M1,TYRE_0125,1
BLD_M1,TYRE_0126,1
BLD_M1,TYRE_0127,1
BLD_M1,TYRE_0128,1
BLD_M1,TYRE_0129,0
BLD_M1,TYRE_0130,1
BLD_M1,TYRE_0131,1
BLD_M1,TYRE_0132,1
BLD_M1,TYRE_0133,1
BLD_M1,TYRE_0134,1
BLD_M1,TYRE_0135,1
BLD_M1,TYRE_0136,1
BLD_M1,TYRE_0137,1
BLD_M1,TYRE_0138,1
BLD_M1,TYRE_0139,0
BLD_M1,TYRE_0140,1
BLD_M1,TYRE_0141,1
BLD_M1,TYRE_0142,1
BLD_M1,TYRE_0143,1
BLD_M1,TYRE_0144,1
BLD_M1,TYRE_0145,1
BLD_M1,TYRE_0146,0
BLD_M1,TYRE_0147,1
BLD_M1,TYRE_0148,1
BLD_M1,TYRE_0149,0
BLD_M2,TYRE_0000,1
BLD_M2,TYRE_0001,1
BLD_M2,TYRE_0002,1
BLD_M2,TYRE_0003,1
BLD_M2,TYRE_0004,1
BLD_M2,TYRE_0005,0
BLD_M2,TYRE_0006,1
BLD_M2,TYRE_0007,1
BLD_M2,TYRE_0008,1
BLD_M2,TYRE_0009,0
BLD_M2,TYRE_0010,1
BLD_M2,TYRE_0011,0
BLD_M2,TYRE_0012,1
BLD_M2,TYRE_0013,1
BLD_M2,TYRE_0014,1
BLD_M2,TYRE_0015,1
BLD_M2,TYRE_0016,0
BLD_M2,TYRE_0017,1
BLD_M2,TYRE_0018,0
BLD_M2,TYRE_0019,1
BLD_M2,TYRE_0020,1
BLD_M2,TYRE_0021,1
BLD_M2,TYRE_0022,0
BLD_M2,TYRE_0023,1
BLD_M2,TYRE_0024,1
BLD_M2,TYRE_0025,1
BLD_M2,TYRE_0026,0
BLD_M2,TYRE_0027,1
BLD_M2,TYRE_0028,1
BLD_M2,TYRE_0029,1
BLD_M2,TYRE_0030,1
BLD_M2,TYRE_0031,1
BLD_M2,TYRE_0032,1
BLD_M2,TYRE_0033,0
BLD_M2,TYRE_0034,1
BLD_M2,TYRE_0035,1
BLD_M2,TYRE_0036,0
BLD_M2,TYRE_0037,1
BLD_M2,TYRE_0038,0
BLD_M2,TYRE_0039,1
BLD_M2,TYRE_0040,1
BLD_M2,TYRE_0041,1
BLD_M2,TYRE_0042,0
BLD_M2,TYRE_0043,0
BLD_M2,TYRE_0044,1
BLD_M2,TYRE_0045,1
BLD_M2,TYRE_0046,1
BLD_M2,TYRE_0047,1
BLD_M2,TYRE_0048,1
BLD_M2,TYRE_0049,1
BLD_M2,TYRE_0050,0
BLD_M2,TYRE_0051,1
BLD_M2,TYRE_0052,1
BLD_M2,TYRE_0053,1
BLD_M2,TYRE_0054,1
BLD_M2,TYRE_0055,1
BLD_M2,TYRE_0056,1
BLD_M2,TYRE_0057,0
BLD_M2,TYRE_0058,1
BLD_M2,TYRE_0059,0
BLD_M2,TYRE_0060,1
BLD_M2,TYRE_0061,1
BLD_M2,TYRE_0062,0
BLD_M2,TYRE_0063,1
BLD_M2,TYRE_0064,1
BLD_M2,TYRE_0065,1
BLD_M2,TYRE_0066,0
BLD_M2,TYRE_0067,1
BLD_M2,TYRE_0068,1
BLD_M2,TYRE_0069,1
BLD_M2,TYRE_0070,0
BLD_M2,TYRE_0071,0
BLD_M2,TYRE_0072,1
BLD_M2,TYRE_0073,1
BLD_M2,TYRE_0074,1
BLD_M2,TYRE_0075,1
BLD_M2,TYRE_0076,1
BLD_M2,TYRE_0077,1
BLD_M2,TYRE_0078,1
BLD_M2,TYRE_0079,1
BLD_M2,TYRE_0080,0
BLD_M2,TYRE_0081,0
BLD_M2,TYRE_0082,1
BLD_M2,TYRE_0083,1
BLD_M2,TYRE_0084,1
BLD_M2,TYRE_0085,0
BLD_M2,TYRE_0086,1
BLD_M2,TYRE_0087,1
BLD_M2,TYRE_0088,1
BLD_M2,TYRE_0089,1
BLD_M2,TYRE_0090,1
BLD_M2,TYRE_0091,1
BLD_M2,TYRE_0092,1
BLD_M2,TYRE_0093,0
BLD_M2,TYRE_0094,1
BLD_M2,TYRE_0095,0
BLD_M2,TYRE_0096,1
BLD_M2,TYRE_0097,1
BLD_M2,TYRE_0098,1
BLD_M2,TYRE_0099,1
BLD_M2,TYRE_0100,1
BLD_M2,TYRE_0101,0
BLD_M2,TYRE_0102,0
BLD_M2,TYRE_0103,1
BLD_M2,TYRE_0104,1
BLD_M2,TYRE_0105,1
BLD_M2,TYRE_0106,1
BLD_M2,TYRE_0107,1
BLD_M2,TYRE_0108,1
BLD_M2,TYRE_0109,0
BLD_M2,TYRE_0110,1
BLD_M2,TYRE_0111,1
BLD_M2,TYRE_0112,1
BLD_M2,TYRE_0113,1
BLD_M2,TYRE_0114,1
BLD_M2,TYRE_0115,0
BLD_M2,TYRE_0116,1
BLD_M2,TYRE_0117,1
BLD_M2,TYRE_0118,1
BLD_M2,TYRE_0119,1
BLD_M2,TYRE_0120,1
BLD_M2,TYRE_0121,1
BLD_M2,TYRE_0122,0
BLD_M2,TYRE_0123,1
BLD_M2,TYRE_0124,1
BLD_M2,TYRE_0125,1
BLD_M2,TYRE_0126,0
BLD_M2,TYRE_0127,0
BLD_M2,TYRE_0128,1
BLD_M2,TYRE_0129,1
BLD_M2,TYRE_0130,1
BLD_M2,TYRE_0131,1
BLD_M2,TYRE_0132,1
BLD_M2,TYRE_0133,1
BLD_M2,TYRE_0134,1
BLD_M2,TYRE_0135,1
BLD_M2,TYRE_0136,1
BLD_M2,TYRE_0137,1
BLD_M2,TYRE_0138,0
BLD_M2,TYRE_0139,1
BLD_M2,TYRE_0140,1
BLD_M2,TYRE_0141,1
BLD_M2,TYRE_0142,1
BLD_M2,TYRE_0143,1
BLD_M2,TYRE_0144,0
BLD_M2,TYRE_0145,1
BLD_M2,TYRE_0146,1
BLD_M2,TYRE_0147,1
BLD_M2,TYRE_0148,1
BLD_M2,TYRE_0149,1
BLD_M3,TYRE_0000,1
BLD_M3,TYRE_0001,1
BLD_M3,TYRE_0002,1
BLD_M3,TYRE_0003,1
BLD_M3,TYRE_0004,0
BLD_M3,TYRE_0005,1
BLD_M3,TYRE_0006,1
BLD_M3,TYRE_0007,1
BLD_M3,TYRE_0008,1
BLD_M3,TYRE_0009,1
BLD_M3,TYRE_0010,1
BLD_M3,TYRE_0011,1
BLD_M3,TYRE_0012,1
BLD_M3,TYRE_0013,1
BLD_M3,TYRE_0014,0
BLD_M3,TYRE_0015,1
BLD_M3,TYRE_0016,1
BLD_M3,TYRE_0017,1
BLD_M3,TYRE_0018,1
BLD_M3,TYRE_0019,1
BLD_M3,TYRE_0020,1
BLD_M3,TYRE_0021,1
BLD_M3,TYRE_0022,0
BLD_M3,TYRE_0023,1
BLD_M3,TYRE_0024,1
BLD_M3,TYRE_0025,1
BLD_M3,TYRE_0026,1
BLD_M3,TYRE_0027,1
BLD_M3,TYRE_0028,1
BLD_M3,TYRE_0029,0
BLD_M3,TYRE_0030,1
BLD_M3,TYRE_0031,1
BLD_M3,TYRE_0032,1
BLD_M3,TYRE_0033,1
BLD_M3,TYRE_0034,0
BLD_M3,TYRE_0035,1
BLD_M3,TYRE_0036,0
BLD_M3,TYRE_0037,1
BLD_M3,TYRE_0038,1
BLD_M3,TYRE_0039,1
BLD_M3,TYRE_0040,0
BLD_M3,TYRE_0041,1
BLD_M3,TYRE_0042,1
BLD_M3,TYRE_0043,1
BLD_M3,TYRE_0044,1
BLD_M3,TYRE_0045,1
BLD_M3,TYRE_0046,0
BLD_M3,TYRE_0047,0
BLD_M3,TYRE_0048,1
BLD_M3,TYRE_0049,1
BLD_M3,TYRE_0050,1
BLD_M3,TYRE_0051,1
BLD_M3,TYRE_0052,1
BLD_M3,TYRE_0053,1
BLD_M3,TYRE_0054,1
BLD_M3,TYRE_0055,1
BLD_M3,TYRE_0056,1
BLD_M3,TYRE_0057,1
BLD_M3,TYRE_0058,1
BLD_M3,TYRE_0059,0
BLD_M3,TYRE_0060,1
BLD_M3,TYRE_0061,1
BLD_M3,TYRE_0062,1
BLD_M3,TYRE_0063,1
BLD_M3,TYRE_0064,1
BLD_M3,TYRE_0065,1
BLD_M3,TYRE_0066,1
BLD_M3,TYRE_0067,1
BLD_M3,TYRE_0068,1
BLD_M3,TYRE_0069,1
BLD_M3,TYRE_0070,1
BLD_M3,TYRE_0071,1
BLD_M3,TYRE_0072,1
BLD_M3,TYRE_0073,0
BLD_M3,TYRE_0074,1
BLD_M3,TYRE_0075,1
BLD_M3,TYRE_0076,1
BLD_M3,TYRE_0077,1
BLD_M3,TYRE_0078,1
BLD_M3,TYRE_0079,1
BLD_M3,TYRE_0080,0
BLD_M3,TYRE_0081,1
BLD_M3,TYRE_0082,1
BLD_M3,TYRE_0083,0
BLD_M3,TYRE_0084,1
BLD_M3,TYRE_0085,1
BLD_M3,TYRE_0086,1
BLD_M3,TYRE_0087,1
BLD_M3,TYRE_0088,1
BLD_M3,TYRE_0089,1
BLD_M3,TYRE_0090,0
BLD_M3,TYRE_0091,1
BLD_M3,TYRE_0092,1
BLD_M3,TYRE_0093,1
BLD_M3,TYRE_0094,1
BLD_M3,TYRE_0095,1
BLD_M3,TYRE_0096,1
BLD_M3,TYRE_0097,1
BLD_M3,TYRE_0098,1
BLD_M3,TYRE_0099,1
BLD_M3,TYRE_0100,1
BLD_M3,TYRE_0101,1
BLD_M3,TYRE_0102,1
BLD_M3,TYRE_0103,1
BLD_M3,TYRE_0104,1
BLD_M3,TYRE_0105,1
BLD_M3,TYRE_0106,1
BLD_M3,TYRE_0107,1
BLD_M3,TYRE_0108,0
BLD_M3,TYRE_0109,0
BLD_M3,TYRE_0110,0
BLD_M3,TYRE_0111,1
BLD_M3,TYRE_0112,1
BLD_M3,TYRE_0113,1
BLD_M3,TYRE_0114,1
BLD_M3,TYRE_0115,1
BLD_M3,TYRE_0116,1
BLD_M3,TYRE_0117,0
BLD_M3,TYRE_0118,1
BLD_M3,TYRE_0119,1
BLD_M3,TYRE_0120,1
BLD_M3,TYRE_0121,1
BLD_M3,TYRE_0122,0
BLD_M3,TYRE_0123,0
BLD_M3,TYRE_0124,1
BLD_M3,TYRE_0125,1
BLD_M3,TYRE_0126,0
BLD_M3,TYRE_0127,1
BLD_M3,TYRE_0128,0
BLD_M3,TYRE_0129,1
BLD_M3,TYRE_0130,1
BLD_M3,TYRE_0131,1
BLD_M3,TYRE_0132,1
BLD_M3,TYRE_0133,1
BLD_M3,TYRE_0134,0
BLD_M3,TYRE_0135,0
BLD_M3,TYRE_0136,1
BLD_M3,TYRE_0137,1
BLD_M3,TYRE_0138,0
BLD_M3,TYRE_0139,0
BLD_M3,TYRE_0140,1
BLD_M3,TYRE_0141,1
BLD_M3,TYRE_0142,1
BLD_M3,TYRE_0143,1
BLD_M3,TYRE_0144,1
BLD_M3,TYRE_0145,1
BLD_M3,TYRE_0146,1
BLD_M3,TYRE_0147,1
BLD_M3,TYRE_0148,1
BLD_M3,TYRE_0149,1
BLD_M4,TYRE_0000,1
BLD_M4,TYRE_0001,1
BLD_M4,TYRE_0002,0
BLD_M4,TYRE_0003,1
BLD_M4,TYRE_0004,1
BLD_M4,TYRE_0005,1
BLD_M4,TYRE_0006,0
BLD_M4,TYRE_0007,1
BLD_M4,TYRE_0008,0
BLD_M4,TYRE_0009,0
BLD_M4,TYRE_0010,1
BLD_M4,TYRE_0011,1
BLD_M4,TYRE_0012,1
BLD_M4,TYRE_0013,1
BLD_M4,TYRE_0014,1
BLD_M4,TYRE_0015,1
BLD_M4,TYRE_0016,1
BLD_M4,TYRE_0017,0
BLD_M4,TYRE_0018,1
BLD_M4,TYRE_0019,1
BLD_M4,TYRE_0020,1
BLD_M4,TYRE_0021,1
BLD_M4,TYRE_0022,1
BLD_M4,TYRE_0023,1
BLD_M4,TYRE_0024,1
BLD_M4,TYRE_0025,1
BLD_M4,TYRE_0026,1
BLD_M4,TYRE_0027,1
BLD_M4,TYRE_0028,1
BLD_M4,TYRE_0029,1
BLD_M4,TYRE_0030,1
BLD_M4,TYRE_0031,0
BLD_M4,TYRE_0032,1
BLD_M4,TYRE_0033,1
BLD_M4,TYRE_0034,1
BLD_M4,TYRE_0035,1
BLD_M4,TYRE_0036,0
BLD_M4,TYRE_0037,1
BLD_M4,TYRE_0038,0
BLD_M4,TYRE_0039,1
BLD_M4,TYRE_0040,1
BLD_M4,TYRE_0041,1
BLD_M4,TYRE_0042,0
BLD_M4,TYRE_0043,1
BLD_M4,TYRE_0044,1
BLD_M4,TYRE_0045,0
BLD_M4,TYRE_0046,0
BLD_M4,TYRE_0047,1
BLD_M4,TYRE_0048,0
BLD_M4,TYRE_0049,0
BLD_M4,TYRE_0050,1
BLD_M4,TYRE_0051,1
BLD_M4,TYRE_0052,1
BLD_M4,TYRE_0053,1
BLD_M4,TYRE_0054,1
BLD_M4,TYRE_0055,0
BLD_M4,TYRE_0056,1
BLD_M4,TYRE_0057,1
BLD_M4,TYRE_0058,1
BLD_M4,TYRE_0059,1
BLD_M4,TYRE_0060,1
BLD_M4,TYRE_0061,1
BLD_M4,TYRE_0062,0
BLD_M4,TYRE_0063,1
BLD_M4,TYRE_0064,1
BLD_M4,TYRE_0065,1
BLD_M4,TYRE_0066,1
BLD_M4,TYRE_0067,1
BLD_M4,TYRE_0068,1
BLD_M4,TYRE_0069,1
BLD_M4,TYRE_0070,1
BLD_M4,TYRE_0071,1
BLD_M4,TYRE_0072,1
BLD_M4,TYRE_0073,1
BLD_M4,TYRE_0074,1
BLD_M4,TYRE_0075,1
BLD_M4,TYRE_0076,1
BLD_M4,TYRE_0077,1
BLD_M4,TYRE_0078,1
BLD_M4,TYRE_0079,1
BLD_M4,TYRE_0080,1
BLD_M4,TYRE_0081,0
BLD_M4,TYRE_0082,0
BLD_M4,TYRE_0083,1
BLD_M4,TYRE_0084,0
BLD_M4,TYRE_0085,1
BLD_M4,TYRE_0086,1
BLD_M4,TYRE_0087,0
BLD_M4,TYRE_0088,1
BLD_M4,TYRE_0089,1
BLD_M4,TYRE_0090,1
BLD_M4,TYRE_0091,1
BLD_M4,TYRE_0092,0
BLD_M4,TYRE_0093,1
BLD_M4,TYRE_0094,1
BLD_M4,TYRE_0095,0
BLD_M4,TYRE_0096,1
BLD_M4,TYRE_0097,1
BLD_M4,TYRE_0098,1
BLD_M4,TYRE_0099,1
BLD_M4,TYRE_0100,1
BLD_M4,TYRE_0101,1
BLD_M4,TYRE_0102,1
BLD_M4,TYRE_0103,1
BLD_M4,TYRE_0104,1
BLD_M4,TYRE_0105,1
BLD_M4,TYRE_0106,1
BLD_M4,TYRE_0107,1
BLD_M4,TYRE_0108,1
BLD_M4,TYRE_0109,1
BLD_M4,TYRE_0110,1
BLD_M4,TYRE_0111,1
BLD_M4,TYRE_0112,0
BLD_M4,TYRE_0113,1
BLD_M4,TYRE_0114,1
BLD_M4,TYRE_0115,1
BLD_M4,TYRE_0116,1
BLD_M4,TYRE_0117,0
BLD_M4,TYRE_0118,1
BLD_M4,TYRE_0119,1
BLD_M4,TYRE_0120,1
BLD_M4,TYRE_0121,1
BLD_M4,TYRE_0122,1
BLD_M4,TYRE_0123,1
BLD_M4,TYRE_0124,1
BLD_M4,TYRE_0125,1
BLD_M4,TYRE_0126,0
BLD_M4,TYRE_0127,1
BLD_M4,TYRE_0128,1
BLD_M4,TYRE_0129,1
BLD_M4,TYRE_0130,1
BLD_M4,TYRE_0131,1
BLD_M4,TYRE_0132,1
BLD_M4,TYRE_0133,1
BLD_M4,TYRE_0134,1
BLD_M4,TYRE_0135,1
BLD_M4,TYRE_0136,1
BLD_M4,TYRE_0137,1
BLD_M4,TYRE_0138,1
BLD_M4,TYRE_0139,1
BLD_M4,TYRE_0140,1
BLD_M4,TYRE_0141,1
BLD_M4,TYRE_0142,1
BLD_M4,TYRE_0143,1
BLD_M4,TYRE_0144,1
BLD_M4,TYRE_0145,1
BLD_M4,TYRE_0146,1
BLD_M4,TYRE_0147,1
BLD_M4,TYRE_0148,1
BLD_M4,TYRE_0149,0
BLD_M5,TYRE_0000,1
BLD_M5,TYRE_0001,1
BLD_M5,TYRE_0002,1
BLD_M5,TYRE_0003,1
BLD_M5,TYRE_0004,1
BLD_M5,TYRE_0005,1
BLD_M5,TYRE_0006,0
BLD_M5,TYRE_0007,1
BLD_M5,TYRE_0008,1
BLD_M5,TYRE_0009,1
BLD_M5,TYRE_0010,1
BLD_M5,TYRE_0011,1
BLD_M5,TYRE_0012,0
BLD_M5,TYRE_0013,1
BLD_M5,TYRE_0014,1
BLD_M5,TYRE_0015,0
BLD_M5,TYRE_0016,1
BLD_M5,TYRE_0017,1
BLD_M5,TYRE_0018,1
BLD_M5,TYRE_0019,1
BLD_M5,TYRE_0020,1
BLD_M5,TYRE_0021,1
BLD_M5,TYRE_0022,1
BLD_M5,TYRE_0023,1
BLD_M5,TYRE_0024,1
BLD_M5,TYRE_0025,1
BLD_M5,TYRE_0026,1
BLD_M5,TYRE_0027,0
BLD_M5,TYRE_0028,1
BLD_M5,TYRE_0029,1
BLD_M5,TYRE_0030,1
BLD_M5,TYRE_0031,1
BLD_M5,TYRE_0032,1
BLD_M5,TYRE_0033,1
BLD_M5,TYRE_0034,1
BLD_M5,TYRE_0035,1
BLD_M5,TYRE_0036,1
BLD_M5,TYRE_0037,1
BLD_M5,TYRE_0038,1
BLD_M5,TYRE_0039,1
BLD_M5,TYRE_0040,1
BLD_M5,TYRE_0041,1
BLD_M5,TYRE_0042,1
BLD_M5,TYRE_0043,1
BLD_M5,TYRE_0044,1
BLD_M5,TYRE_0045,1
BLD_M5,TYRE_0046,1
BLD_M5,TYRE_0047,1
BLD_M5,TYRE_0048,0
BLD_M5,TYRE_0049,1
BLD_M5,TYRE_0050,1
BLD_M5,TYRE_0051,1
BLD_M5,TYRE_0052,1
BLD_M5,TYRE_0053,1
BLD_M5,TYRE_0054,1
BLD_M5,TYRE_0055,1
BLD_M5,TYRE_0056,1
BLD_M5,TYRE_0057,0
BLD_M5,TYRE_0058,1
BLD_M5,TYRE_0059,0
BLD_M5,TYRE_0060,1
BLD_M5,TYRE_0061,1
BLD_M5,TYRE_0062,1
BLD_M5,TYRE_0063,1
BLD_M5,TYRE_0064,1
BLD_M5,TYRE_0065,1
BLD_M5,TYRE_0066,1
BLD_M5,TYRE_0067,1
BLD_M5,TYRE_0068,1
BLD_M5,TYRE_0069,0
BLD_M5,TYRE_0070,1
BLD_M5,TYRE_0071,1
BLD_M5,TYRE_0072,1
BLD_M5,TYRE_0073,1
BLD_M5,TYRE_0074,1
BLD_M5,TYRE_0075,0
BLD_M5,TYRE_0076,1
BLD_M5,TYRE_0077,1
BLD_M5,TYRE_0078,1
BLD_M5,TYRE_0079,1
BLD_M5,TYRE_0080,1
BLD_M5,TYRE_0081,1
BLD_M5,TYRE_0082,1
BLD_M5,TYRE_0083,1
BLD_M5,TYRE_0084,1
BLD_M5,TYRE_0085,1
BLD_M5,TYRE_0086,1
BLD_M5,TYRE_0087,1
BLD_M5,TYRE_0088,1
BLD_M5,TYRE_0089,0
BLD_M5,TYRE_0090,1
BLD_M5,TYRE_0091,1
BLD_M5,TYRE_0092,0
BLD_M5,TYRE_0093,1
BLD_M5,TYRE_0094,1
BLD_M5,TYRE_0095,0
BLD_M5,TYRE_0096,0
BLD_M5,TYRE_0097,1
BLD_M5,TYRE_0098,1
BLD_M5,TYRE_0099,1
BLD_M5,TYRE_0100,0
BLD_M5,TYRE_0101,0
BLD_M5,TYRE_0102,0
BLD_M5,TYRE_0103,1
BLD_M5,TYRE_0104,1
BLD_M5,TYRE_0105,1
BLD_M5,TYRE_0106,1
BLD_M5,TYRE_0107,1
BLD_M5,TYRE_0108,1
BLD_M5,TYRE_0109,0
BLD_M5,TYRE_0110,0
BLD_M5,TYRE_0111,1
BLD_M5,TYRE_0112,0
BLD_M5,TYRE_0113,1
BLD_M5,TYRE_0114,1
BLD_M5,TYRE_0115,1
BLD_M5,TYRE_0116,1
BLD_M5,TYRE_0117,1
BLD_M5,TYRE_0118,0
BLD_M5,TYRE_0119,1
BLD_M5,TYRE_0120,1
BLD_M5,TYRE_0121,1
BLD_M5,TYRE_0122,1
BLD_M5,TYRE_0123,1
BLD_M5,TYRE_0124,0
BLD_M5,TYRE_0125,1
BLD_M5,TYRE_0126,0
BLD_M5,TYRE_0127,1
BLD_M5,TYRE_0128,1
BLD_M5,TYRE_0129,0
BLD_M5,TYRE_0130,1
BLD_M5,TYRE_0131,1
BLD_M5,TYRE_0132,1
BLD_M5,TYRE_0133,1
BLD_M5,TYRE_0134,0
BLD_M5,TYRE_0135,1
BLD_M5,TYRE_0136,0
BLD_M5,TYRE_0137,1
BLD_M5,TYRE_0138,1
BLD_M5,TYRE_0139,1
BLD_M5,TYRE_0140,0
BLD_M5,TYRE_0141,1
BLD_M5,TYRE_0142,0
BLD_M5,TYRE_0143,1
BLD_M5,TYRE_0144,1
BLD_M5,TYRE_0145,1
BLD_M5,TYRE_0146,1
BLD_M5,TYRE_0147,1
BLD_M5,TYRE_0148,1
BLD_M5,TYRE_0149,1
BLD_M6,TYRE_0000,0
BLD_M6,TYRE_0001,1
BLD_M6,TYRE_0002,1
BLD_M6,TYRE_0003,1
BLD_M6,TYRE_0004,1
BLD_M6,TYRE_0005,1
BLD_M6,TYRE_0006,1
BLD_M6,TYRE_0007,1
BLD_M6,TYRE_0008,1
BLD_M6,TYRE_0009,1
BLD_M6,TYRE_0010,1
BLD_M6,TYRE_0011,1
BLD_M6,TYRE_0012,1
BLD_M6,TYRE_0013,0
BLD_M6,TYRE_0014,1
BLD_M6,TYRE_0015,1
BLD_M6,TYRE_0016,1
BLD_M6,TYRE_0017,1
BLD_M6,TYRE_0018,0
BLD_M6,TYRE_0019,0
BLD_M6,TYRE_0020,1
BLD_M6,TYRE_0021,1
BLD_M6,TYRE_0022,1
BLD_M6,TYRE_0023,1
BLD_M6,TYRE_0024,1
BLD_M6,TYRE_0025,1
BLD_M6,TYRE_0026,1
BLD_M6,TYRE_0027,1
BLD_M6,TYRE_0028,1
BLD_M6,TYRE_0029,1
BLD_M6,TYRE_0030,1
BLD_M6,TYRE_0031,1
BLD_M6,TYRE_0032,1
BLD_M6,TYRE_0033,1
BLD_M6,TYRE_0034,0
BLD_M6,TYRE_0035,1
BLD_M6,TYRE_0036,1
BLD_M6,TYRE_0037,0
BLD_M6,TYRE_0038,1
BLD_M6,TYRE_0039,1
BLD_M6,TYRE_0040,1
BLD_M6,TYRE_0041,0
BLD_M6,TYRE_0042,1
BLD_M6,TYRE_0043,0
BLD_M6,TYRE_0044,1
BLD_M6,TYRE_0045,0
BLD_M6,TYRE_0046,1
BLD_M6,TYRE_0047,0
BLD_M6,TYRE_0048,1
BLD_M6,TYRE_0049,1
BLD_M6,TYRE_0050,0
BLD_M6,TYRE_0051,1
BLD_M6,TYRE_0052,1
BLD_M6,TYRE_0053,1
BLD_M6,TYRE_0054,1
BLD_M6,TYRE_0055,1
BLD_M6,TYRE_0056,1
BLD_M6,TYRE_0057,1
BLD_M6,TYRE_0058,0
BLD_M6,TYRE_0059,1
BLD_M6,TYRE_0060,1
BLD_M6,TYRE_0061,1
BLD_M6,TYRE_0062,1
BLD_M6,TYRE_0063,1
BLD_M6,TYRE_0064,0
BLD_M6,TYRE_0065,0
BLD_M6,TYRE_0066,1
BLD_M6,TYRE_0067,1
BLD_M6,TYRE_0068,1
BLD_M6,TYRE_0069,0
BLD_M6,TYRE_0070,1
BLD_M6,TYRE_0071,1
BLD_M6,TYRE_0072,0
BLD_M6,TYRE_0073,0
BLD_M6,TYRE_0074,1
BLD_M6,TYRE_0075,1
BLD_M6,TYRE_0076,1
BLD_M6,TYRE_0077,1
BLD_M6,TYRE_0078,0
BLD_M6,TYRE_0079,1
BLD_M6,TYRE_0080,1
BLD_M6,TYRE_0081,1
BLD_M6,TYRE_0082,1
BLD_M6,TYRE_0083,1
BLD_M6,TYRE_0084,1
BLD_M6,TYRE_0085,0
BLD_M6,TYRE_0086,1
BLD_M6,TYRE_0087,1
BLD_M6,TYRE_0088,1
BLD_M6,TYRE_0089,1
BLD_M6,TYRE_0090,1
BLD_M6,TYRE_0091,0
BLD_M6,TYRE_0092,1
BLD_M6,TYRE_0093,1
BLD_M6,TYRE_0094,1
BLD_M6,TYRE_0095,1
BLD_M6,TYRE_0096,1
BLD_M6,TYRE_0097,0
BLD_M6,TYRE_0098,0
BLD_M6,TYRE_0099,1
BLD_M6,TYRE_0100,1
BLD_M6,TYRE_0101,1
BLD_M6,TYRE_0102,1
BLD_M6,TYRE_0103,1
BLD_M6,TYRE_0104,1
BLD_M6,TYRE_0105,0
BLD_M6,TYRE_0106,1
BLD_M6,TYRE_0107,1
BLD_M6,TYRE_0108,1
BLD_M6,TYRE_0109,1
BLD_M6,TYRE_0110,1
BLD_M6,TYRE_0111,0
BLD_M6,TYRE_0112,1
BLD_M6,TYRE_0113,1
BLD_M6,TYRE_0114,1
BLD_M6,TYRE_0115,1
BLD_M6,TYRE_0116,1
BLD_M6,TYRE_0117,1
BLD_M6,TYRE_0118,0
BLD_M6,TYRE_0119,1
BLD_M6,TYRE_0120,1
BLD_M6,TYRE_0121,1
BLD_M6,TYRE_0122,1
BLD_M6,TYRE_0123,1
BLD_M6,TYRE_0124,1
BLD_M6,TYRE_0125,1
BLD_M6,TYRE_0126,1
BLD_M6,TYRE_0127,1
BLD_M6,TYRE_0128,0
BLD_M6,TYRE_0129,1
BLD_M6,TYRE_0130,0
BLD_M6,TYRE_0131,1
BLD_M6,TYRE_0132,1
BLD_M6,TYRE_0133,1
BLD_M6,TYRE_0134,1
BLD_M6,TYRE_0135,1
BLD_M6,TYRE_0136,0
BLD_M6,TYRE_0137,0
BLD_M6,TYRE_0138,1
BLD_M6,TYRE_0139,0
BLD_M6,TYRE_0140,1
BLD_M6,TYRE_0141,1
BLD_M6,TYRE_0142,1
BLD_M6,TYRE_0143,1
BLD_M6,TYRE_0144,1
BLD_M6,TYRE_0145,1
BLD_M6,TYRE_0146,1
BLD_M6,TYRE_0147,0
BLD_M6,TYRE_0148,1
BLD_M6,TYRE_0149,1
CUR_M1,TYRE_0000,1
CUR_M1,TYRE_0001,1
CUR_M1,TYRE_0002,0
CUR_M1,TYRE_0003,1
CUR_M1,TYRE_0004,1
CUR_M1,TYRE_0005,0
CUR_M1,TYRE_0006,0
CUR_M1,TYRE_0007,1
CUR_M1,TYRE_0008,1
CUR_M1,TYRE_0009,1
CUR_M1,TYRE_0010,1
CUR_M1,TYRE_0011,1
CUR_M1,TYRE_0012,1
CUR_M1,TYRE_0013,1
CUR_M1,TYRE_0014,1
CUR_M1,TYRE_0015,0
CUR_M1,TYRE_0016,1
CUR_M1,TYRE_0017,1
CUR_M1,TYRE_0018,0
CUR_M1,TYRE_0019,0
CUR_M1,TYRE_0020,1
CUR_M1,TYRE_0021,1
CUR_M1,TYRE_0022,1
CUR_M1,TYRE_0023,1
CUR_M1,TYRE_0024,1
CUR_M1,TYRE_0025,1
CUR_M1,TYRE_0026,1
CUR_M1,TYRE_0027,1
CUR_M1,TYRE_0028,1
CUR_M1,TYRE_0029,0
CUR_M1,TYRE_0030,1
CUR_M1,TYRE_0031,1
CUR_M1,TYRE_0032,0
CUR_M1,TYRE_0033,1
CUR_M1,TYRE_0034,1
CUR_M1,TYRE_0035,0
CUR_M1,TYRE_0036,1
CUR_M1,TYRE_0037,1
CUR_M1,TYRE_0038,1
CUR_M1,TYRE_0039,1
CUR_M1,TYRE_0040,0
CUR_M1,TYRE_0041,0
CUR_M1,TYRE_0042,1
CUR_M1,TYRE_0043,1
CUR_M1,TYRE_0044,1
CUR_M1,TYRE_0045,1
CUR_M1,TYRE_0046,1
CUR_M1,TYRE_0047,1
CUR_M1,TYRE_0048,1
CUR_M1,TYRE_0049,1
CUR_M1,TYRE_0050,1
CUR_M1,TYRE_0051,0
CUR_M1,TYRE_0052,1
CUR_M1,TYRE_0053,0
CUR_M1,TYRE_0054,1
CUR_M1,TYRE_0055,1
CUR_M1,TYRE_0056,1
CUR_M1,TYRE_0057,0
CUR_M1,TYRE_0058,1
CUR_M1,TYRE_0059,1
CUR_M1,TYRE_0060,0
CUR_M1,TYRE_0061,1
CUR_M1,TYRE_0062,1
CUR_M1,TYRE_0063,1
CUR_M1,TYRE_0064,0
CUR_M1,TYRE_0065,1
CUR_M1,TYRE_0066,1
CUR_M1,TYRE_0067,1
CUR_M1,TYRE_0068,1
CUR_M1,TYRE_0069,1
CUR_M1,TYRE_0070,1
CUR_M1,TYRE_0071,0
CUR_M1,TYRE_0072,1
CUR_M1,TYRE_0073,1
CUR_M1,TYRE_0074,0
CUR_M1,TYRE_0075,1
CUR_M1,TYRE_0076,1
CUR_M1,TYRE_0077,0
CUR_M1,TYRE_0078,1
CUR_M1,TYRE_0079,1
CUR_M1,TYRE_0080,1
CUR_M1,TYRE_0081,1
CUR_M1,TYRE_0082,1
CUR_M1,TYRE_0083,0
CUR_M1,TYRE_0084,0
CUR_M1,TYRE_0085,1
CUR_M1,TYRE_0086,1
CUR_M1,TYRE_0087,0
CUR_M1,TYRE_0088,1
CUR_M1,TYRE_0089,1
CUR_M1,TYRE_0090,1
CUR_M1,TYRE_0091,1
CUR_M1,TYRE_0092,1
CUR_M1,TYRE_0093,1
CUR_M1,TYRE_0094,1
CUR_M1,TYRE_0095,1
CUR_M1,TYRE_0096,1
CUR_M1,TYRE_0097,0
CUR_M1,TYRE_0098,0
CUR_M1,TYRE_0099,0
CUR_M1,TYRE_0100,0
CUR_M1,TYRE_0101,1
CUR_M1,TYRE_0102,1
CUR_M1,TYRE_0103,1
CUR_M1,TYRE_0104,1
CUR_M1,TYRE_0105,1
CUR_M1,TYRE_0106,0
CUR_M1,TYRE_0107,1
CUR_M1,TYRE_0108,1
CUR_M1,TYRE_0109,1
CUR_M1,TYRE_0110,1
CUR_M1,TYRE_0111,0
CUR_M1,TYRE_0112,1
CUR_M1,TYRE_0113,1
CUR_M1,TYRE_0114,1
CUR_M1,TYRE_0115,1
CUR_M1,TYRE_0116,0
CUR_M1,TYRE_0117,1
CUR_M1,TYRE_0118,1
CUR_M1,TYRE_0119,1
CUR_M1,TYRE_0120,1
CUR_M1,TYRE_0121,1
CUR_M1,TYRE_0122,1
CUR_M1,TYRE_0123,1
CUR_M1,TYRE_0124,0
CUR_M1,TYRE_0125,1
CUR_M1,TYRE_0126,1
CUR_M1,TYRE_0127,1
CUR_M1,TYRE_0128,1
CUR_M1,TYRE_0129,1
CUR_M1,TYRE_0130,1
CUR_M1,TYRE_0131,0
CUR_M1,TYRE_0132,0
CUR_M1,TYRE_0133,1
CUR_M1,TYRE_0134,1
CUR_M1,TYRE_0135,1
CUR_M1,TYRE_0136,1
CUR_M1,TYRE_0137,1
CUR_M1,TYRE_0138,1
CUR_M1,TYRE_0139,0
CUR_M1,TYRE_0140,1
CUR_M1,TYRE_0141,1
CUR_M1,TYRE_0142,1
CUR_M1,TYRE_0143,1
CUR_M1,TYRE_0144,1
CUR_M1,TYRE_0145,1
CUR_M1,TYRE_0146,1
CUR_M1,TYRE_0147,1
CUR_M1,TYRE_0148,0
CUR_M1,TYRE_0149,1
CUR_M2,TYRE_0000,1
CUR_M2,TYRE_0001,1
CUR_M2,TYRE_0002,1
CUR_M2,TYRE_0003,1
CUR_M2,TYRE_0004,1
CUR_M2,TYRE_0005,1
CUR_M2,TYRE_0006,1
CUR_M2,TYRE_0007,1
CUR_M2,TYRE_0008,1
CUR_M2,TYRE_0009,1
CUR_M2,TYRE_0010,0
CUR_M2,TYRE_0011,1
CUR_M2,TYRE_0012,1
CUR_M2,TYRE_0013,1
CUR_M2,TYRE_0014,0
CUR_M2,TYRE_0015,1
CUR_M2,TYRE_0016,1
CUR_M2,TYRE_0017,1
CUR_M2,TYRE_0018,1
CUR_M2,TYRE_0019,1
CUR_M2,TYRE_0020,1
CUR_M2,TYRE_0021,1
CUR_M2,TYRE_0022,0
CUR_M2,TYRE_0023,0
CUR_M2,TYRE_0024,0
CUR_M2,TYRE_0025,1
CUR_M2,TYRE_0026,0
CUR_M2,TYRE_0027,0
CUR_M2,TYRE_0028,1
CUR_M2,TYRE_0029,1
CUR_M2,TYRE_0030,1
CUR_M2,TYRE_0031,1
CUR_M2,TYRE_0032,1
CUR_M2,TYRE_0033,0
CUR_M2,TYRE_0034,1
CUR_M2,TYRE_0035,0
CUR_M2,TYRE_0036,1
CUR_M2,TYRE_0037,1
CUR_M2,TYRE_0038,1
CUR_M2,TYRE_0039,1
CUR_M2,TYRE_0040,1
CUR_M2,TYRE_0041,0
CUR_M2,TYRE_0042,0
CUR_M2,TYRE_0043,1
CUR_M2,TYRE_0044,0
CUR_M2,TYRE_0045,1
CUR_M2,TYRE_0046,1
CUR_M2,TYRE_0047,1
CUR_M2,TYRE_0048,1
CUR_M2,TYRE_0049,0
CUR_M2,TYRE_0050,0
CUR_M2,TYRE_0051,0
CUR_M2,TYRE_0052,1
CUR_M2,TYRE_0053,1
CUR_M2,TYRE_0054,1
CUR_M2,TYRE_0055,1
CUR_M2,TYRE_0056,1
CUR_M2,TYRE_0057,1
CUR_M2,TYRE_0058,0
CUR_M2,TYRE_0059,1
CUR_M2,TYRE_0060,0
CUR_M2,TYRE_0061,1
CUR_M2,TYRE_0062,0
CUR_M2,TYRE_0063,1
CUR_M2,TYRE_0064,1
CUR_M2,TYRE_0065,0
CUR_M2,TYRE_0066,1
CUR_M2,TYRE_0067,0
CUR_M2,TYRE_0068,1
CUR_M2,TYRE_0069,1
CUR_M2,TYRE_0070,1
CUR_M2,TYRE_0071,1
CUR_M2,TYRE_0072,1
CUR_M2,TYRE_0073,1
CUR_M2,TYRE_0074,1
CUR_M2,TYRE_0075,1
CUR_M2,TYRE_0076,1
CUR_M2,TYRE_0077,0
CUR_M2,TYRE_0078,1
CUR_M2,TYRE_0079,0
CUR_M2,TYRE_0080,1
CUR_M2,TYRE_0081,1
CUR_M2,TYRE_0082,0
CUR_M2,TYRE_0083,1
CUR_M2,TYRE_0084,1
CUR_M2,TYRE_0085,1
CUR_M2,TYRE_0086,1
CUR_M2,TYRE_0087,1
CUR_M2,TYRE_0088,1
CUR_M2,TYRE_0089,0
CUR_M2,TYRE_0090,1
CUR_M2,TYRE_0091,1
CUR_M2,TYRE_0092,1
CUR_M2,TYRE_0093,1
CUR_M2,TYRE_0094,1
CUR_M2,TYRE_0095,1
CUR_M2,TYRE_0096,1
CUR_M2,TYRE_0097,1
CUR_M2,TYRE_0098,1
CUR_M2,TYRE_0099,1
CUR_M2,TYRE_0100,1
CUR_M2,TYRE_0101,1
CUR_M2,TYRE_0102,1
CUR_M2,TYRE_0103,1
CUR_M2,TYRE_0104,0
CUR_M2,TYRE_0105,1
CUR_M2,TYRE_0106,1
CUR_M2,TYRE_0107,1
CUR_M2,TYRE_0108,1
CUR_M2,TYRE_0109,0
CUR_M2,TYRE_0110,0
CUR_M2,TYRE_0111,1
CUR_M2,TYRE_0112,1
CUR_M2,TYRE_0113,1
CUR_M2,TYRE_0114,1
CUR_M2,TYRE_0115,1
CUR_M2,TYRE_0116,1
CUR_M2,TYRE_0117,1
CUR_M2,TYRE_0118,0
CUR_M2,TYRE_0119,0
CUR_M2,TYRE_0120,1
CUR_M2,TYRE_0121,1
CUR_M2,TYRE_0122,1
CUR_M2,TYRE_0123,1
CUR_M2,TYRE_0124,1
CUR_M2,TYRE_0125,1
CUR_M2,TYRE_0126,1
CUR_M2,TYRE_0127,1
CUR_M2,TYRE_0128,1
CUR_M2,TYRE_0129,1
CUR_M2,TYRE_0130,1
CUR_M2,TYRE_0131,1
CUR_M2,TYRE_0132,1
CUR_M2,TYRE_0133,1
CUR_M2,TYRE_0134,1
CUR_M2,TYRE_0135,0
CUR_M2,TYRE_0136,1
CUR_M2,TYRE_0137,1
CUR_M2,TYRE_0138,1
CUR_M2,TYRE_0139,0
CUR_M2,TYRE_0140,1
CUR_M2,TYRE_0141,0
CUR_M2,TYRE_0142,1
CUR_M2,TYRE_0143,1
CUR_M2,TYRE_0144,1
CUR_M2,TYRE_0145,1
CUR_M2,TYRE_0146,0
CUR_M2,TYRE_0147,1
CUR_M2,TYRE_0148,1
CUR_M2,TYRE_0149,1
CUR_M3,TYRE_0000,1
CUR_M3,TYRE_0001,0
CUR_M3,TYRE_0002,1
CUR_M3,TYRE_0003,1
CUR_M3,TYRE_0004,1
CUR_M3,TYRE_0005,1
CUR_M3,TYRE_0006,1
CUR_M3,TYRE_0007,0
CUR_M3,TYRE_0008,0
CUR_M3,TYRE_0009,1
CUR_M3,TYRE_0010,1
CUR_M3,TYRE_0011,0
CUR_M3,TYRE_0012,0
CUR_M3,TYRE_0013,1
CUR_M3,TYRE_0014,1
CUR_M3,TYRE_0015,0
CUR_M3,TYRE_0016,1
CUR_M3,TYRE_0017,1
CUR_M3,TYRE_0018,1
CUR_M3,TYRE_0019,1
CUR_M3,TYRE_0020,1
CUR_M3,TYRE_0021,1
CUR_M3,TYRE_0022,0
CUR_M3,TYRE_0023,1
CUR_M3,TYRE_0024,1
CUR_M3,TYRE_0025,1
CUR_M3,TYRE_0026,1
CUR_M3,TYRE_0027,1
CUR_M3,TYRE_0028,1
CUR_M3,TYRE_0029,1
CUR_M3,TYRE_0030,1
CUR_M3,TYRE_0031,1
CUR_M3,TYRE_0032,1
CUR_M3,TYRE_0033,1
CUR_M3,TYRE_0034,1
CUR_M3,TYRE_0035,1
CUR_M3,TYRE_0036,1
CUR_M3,TYRE_0037,1
CUR_M3,TYRE_0038,1
CUR_M3,TYRE_0039,1
CUR_M3,TYRE_0040,0
CUR_M3,TYRE_0041,1
CUR_M3,TYRE_0042,1
CUR_M3,TYRE_0043,1
CUR_M3,TYRE_0044,0
CUR_M3,TYRE_0045,0
CUR_M3,TYRE_0046,1
CUR_M3,TYRE_0047,0
CUR_M3,TYRE_0048,0
CUR_M3,TYRE_0049,0
CUR_M3,TYRE_0050,1
CUR_M3,TYRE_0051,1
CUR_M3,TYRE_0052,1
CUR_M3,TYRE_0053,1
CUR_M3,TYRE_0054,1
CUR_M3,TYRE_0055,1
CUR_M3,TYRE_0056,0
CUR_M3,TYRE_0057,1
CUR_M3,TYRE_0058,0
CUR_M3,TYRE_0059,1
CUR_M3,TYRE_0060,0
CUR_M3,TYRE_0061,1
CUR_M3,TYRE_0062,1
CUR_M3,TYRE_0063,1
CUR_M3,TYRE_0064,1
CUR_M3,TYRE_0065,1
CUR_M3,TYRE_0066,1
CUR_M3,TYRE_0067,1
CUR_M3,TYRE_0068,1
CUR_M3,TYRE_0069,0
CUR_M3,TYRE_0070,1
CUR_M3,TYRE_0071,1
CUR_M3,TYRE_0072,1
CUR_M3,TYRE_0073,1
CUR_M3,TYRE_0074,1
CUR_M3,TYRE_0075,1
CUR_M3,TYRE_0076,1
CUR_M3,TYRE_0077,1
CUR_M3,TYRE_0078,1
CUR_M3,TYRE_0079,1
CUR_M3,TYRE_0080,1
CUR_M3,TYRE_0081,1
CUR_M3,TYRE_0082,1
CUR_M3,TYRE_0083,1
CUR_M3,TYRE_0084,1
CUR_M3,TYRE_0085,1
CUR_M3,TYRE_0086,1
CUR_M3,TYRE_0087,1
CUR_M3,TYRE_0088,0
CUR_M3,TYRE_0089,1
CUR_M3,TYRE_0090,1
CUR_M3,TYRE_0091,0
CUR_M3,TYRE_0092,1
CUR_M3,TYRE_0093,1
CUR_M3,TYRE_0094,1
CUR_M3,TYRE_0095,1
CUR_M3,TYRE_0096,0
CUR_M3,TYRE_0097,0
CUR_M3,TYRE_0098,1
CUR_M3,TYRE_0099,0
CUR_M3,TYRE_0100,0
CUR_M3,TYRE_0101,1
CUR_M3,TYRE_0102,1
CUR_M3,TYRE_0103,1
CUR_M3,TYRE_0104,0
CUR_M3,TYRE_0105,0
CUR_M3,TYRE_0106,1
CUR_M3,TYRE_0107,1
CUR_M3,TYRE_0108,1
CUR_M3,TYRE_0109,1
CUR_M3,TYRE_0110,1
CUR_M3,TYRE_0111,1
CUR_M3,TYRE_0112,1
CUR_M3,TYRE_0113,1
CUR_M3,TYRE_0114,1
CUR_M3,TYRE_0115,1
CUR_M3,TYRE_0116,1
CUR_M3,TYRE_0117,0
CUR_M3,TYRE_0118,1
CUR_M3,TYRE_0119,0
CUR_M3,TYRE_0120,1
CUR_M3,TYRE_0121,1
CUR_M3,TYRE_0122,0
CUR_M3,TYRE_0123,1
CUR_M3,TYRE_0124,0
CUR_M3,TYRE_0125,1
CUR_M3,TYRE_0126,1
CUR_M3,TYRE_0127,1
CUR_M3,TYRE_0128,1
CUR_M3,TYRE_0129,1
CUR_M3,TYRE_0130,0
CUR_M3,TYRE_0131,1
CUR_M3,TYRE_0132,1
CUR_M3,TYRE_0133,1
CUR_M3,TYRE_0134,1
CUR_M3,TYRE_0135,1
CUR_M3,TYRE_0136,0
CUR_M3,TYRE_0137,1
CUR_M3,TYRE_0138,0
CUR_M3,TYRE_0139,1
CUR_M3,TYRE_0140,1
CUR_M3,TYRE_0141,1
CUR_M3,TYRE_0142,0
CUR_M3,TYRE_0143,1
CUR_M3,TYRE_0144,0
CUR_M3,TYRE_0145,1
CUR_M3,TYRE_0146,1
CUR_M3,TYRE_0147,0
CUR_M3,TYRE_0148,0
CUR_M3,TYRE_0149,0
CUR_M4,TYRE_0000,1
CUR_M4,TYRE_0001,1
CUR_M4,TYRE_0002,1
CUR_M4,TYRE_0003,1
CUR_M4,TYRE_0004,1
CUR_M4,TYRE_0005,0
CUR_M4,TYRE_0006,0
CUR_M4,TYRE_0007,1
CUR_M4,TYRE_0008,0
CUR_M4,TYRE_0009,1
CUR_M4,TYRE_0010,0
CUR_M4,TYRE_0011,1
CUR_M4,TYRE_0012,1
CUR_M4,TYRE_0013,1
CUR_M4,TYRE_0014,1
CUR_M4,TYRE_0015,1
CUR_M4,TYRE_0016,1
CUR_M4,TYRE_0017,1
CUR_M4,TYRE_0018,1
CUR_M4,TYRE_0019,1
CUR_M4,TYRE_0020,1
CUR_M4,TYRE_0021,1
CUR_M4,TYRE_0022,1
CUR_M4,TYRE_0023,1
CUR_M4,TYRE_0024,1
CUR_M4,TYRE_0025,1
CUR_M4,TYRE_0026,1
CUR_M4,TYRE_0027,1
CUR_M4,TYRE_0028,1
CUR_M4,TYRE_0029,1
CUR_M4,TYRE_0030,1
CUR_M4,TYRE_0031,1
CUR_M4,TYRE_0032,0
CUR_M4,TYRE_0033,1
CUR_M4,TYRE_0034,1
CUR_M4,TYRE_0035,1
CUR_M4,TYRE_0036,1
CUR_M4,TYRE_0037,1
CUR_M4,TYRE_0038,1
CUR_M4,TYRE_0039,1
CUR_M4,TYRE_0040,1
CUR_M4,TYRE_0041,1
CUR_M4,TYRE_0042,0
CUR_M4,TYRE_0043,0
CUR_M4,TYRE_0044,1
CUR_M4,TYRE_0045,1
CUR_M4,TYRE_0046,0
CUR_M4,TYRE_0047,1
CUR_M4,TYRE_0048,1
CUR_M4,TYRE_0049,0
CUR_M4,TYRE_0050,1
CUR_M4,TYRE_0051,1
CUR_M4,TYRE_0052,0
CUR_M4,TYRE_0053,1
CUR_M4,TYRE_0054,1
CUR_M4,TYRE_0055,0
CUR_M4,TYRE_0056,1
CUR_M4,TYRE_0057,1
CUR_M4,TYRE_0058,0
CUR_M4,TYRE_0059,1
CUR_M4,TYRE_0060,0
CUR_M4,TYRE_0061,1
CUR_M4,TYRE_0062,0
CUR_M4,TYRE_0063,1
CUR_M4,TYRE_0064,1
CUR_M4,TYRE_0065,1
CUR_M4,TYRE_0066,0
CUR_M4,TYRE_0067,1
CUR_M4,TYRE_0068,0
CUR_M4,TYRE_0069,1
CUR_M4,TYRE_0070,0
CUR_M4,TYRE_0071,1
CUR_M4,TYRE_0072,1
CUR_M4,TYRE_0073,1
CUR_M4,TYRE_0074,1
CUR_M4,TYRE_0075,1
CUR_M4,TYRE_0076,1
CUR_M4,TYRE_0077,1
CUR_M4,TYRE_0078,1
CUR_M4,TYRE_0079,1
CUR_M4,TYRE_0080,1
CUR_M4,TYRE_0081,1
CUR_M4,TYRE_0082,1
CUR_M4,TYRE_0083,1
CUR_M4,TYRE_0084,0
CUR_M4,TYRE_0085,1
CUR_M4,TYRE_0086,1
CUR_M4,TYRE_0087,1
CUR_M4,TYRE_0088,1
CUR_M4,TYRE_0089,1
CUR_M4,TYRE_0090,1
CUR_M4,TYRE_0091,1
CUR_M4,TYRE_0092,0
CUR_M4,TYRE_0093,0
CUR_M4,TYRE_0094,1
CUR_M4,TYRE_0095,1
CUR_M4,TYRE_0096,1
CUR_M4,TYRE_0097,0
CUR_M4,TYRE_0098,0
CUR_M4,TYRE_0099,1
CUR_M4,TYRE_0100,1
CUR_M4,TYRE_0101,1
CUR_M4,TYRE_0102,1
CUR_M4,TYRE_0103,0
CUR_M4,TYRE_0104,0
CUR_M4,TYRE_0105,0
CUR_M4,TYRE_0106,1
CUR_M4,TYRE_0107,1
CUR_M4,TYRE_0108,1
CUR_M4,TYRE_0109,0
CUR_M4,TYRE_0110,1
CUR_M4,TYRE_0111,1
CUR_M4,TYRE_0112,0
CUR_M4,TYRE_0113,1
CUR_M4,TYRE_0114,0
CUR_M4,TYRE_0115,0
CUR_M4,TYRE_0116,1
CUR_M4,TYRE_0117,1
CUR_M4,TYRE_0118,1
CUR_M4,TYRE_0119,1
CUR_M4,TYRE_0120,1
CUR_M4,TYRE_0121,1
CUR_M4,TYRE_0122,1
CUR_M4,TYRE_0123,0
CUR_M4,TYRE_0124,1
CUR_M4,TYRE_0125,1
CUR_M4,TYRE_0126,1
CUR_M4,TYRE_0127,1
CUR_M4,TYRE_0128,1
CUR_M4,TYRE_0129,1
CUR_M4,TYRE_0130,1
CUR_M4,TYRE_0131,1
CUR_M4,TYRE_0132,1
CUR_M4,TYRE_0133,1
CUR_M4,TYRE_0134,0
CUR_M4,TYRE_0135,1
CUR_M4,TYRE_0136,1
CUR_M4,TYRE_0137,0
CUR_M4,TYRE_0138,1
CUR_M4,TYRE_0139,1
CUR_M4,TYRE_0140,1
CUR_M4,TYRE_0141,1
CUR_M4,TYRE_0142,1
CUR_M4,TYRE_0143,1
CUR_M4,TYRE_0144,1
CUR_M4,TYRE_0145,0
CUR_M4,TYRE_0146,1
CUR_M4,TYRE_0147,1
CUR_M4,TYRE_0148,1
CUR_M4,TYRE_0149,0
CUR_M5,TYRE_0000,1
CUR_M5,TYRE_0001,0
CUR_M5,TYRE_0002,1
CUR_M5,TYRE_0003,1
CUR_M5,TYRE_0004,0
CUR_M5,TYRE_0005,1
CUR_M5,TYRE_0006,1
CUR_M5,TYRE_0007,1
CUR_M5,TYRE_0008,0
CUR_M5,TYRE_0009,1
CUR_M5,TYRE_0010,1
CUR_M5,TYRE_0011,1
CUR_M5,TYRE_0012,1
CUR_M5,TYRE_0013,1
CUR_M5,TYRE_0014,1
CUR_M5,TYRE_0015,1
CUR_M5,TYRE_0016,1
CUR_M5,TYRE_0017,0
CUR_M5,TYRE_0018,0
CUR_M5,TYRE_0019,1
CUR_M5,TYRE_0020,1
CUR_M5,TYRE_0021,1
CUR_M5,TYRE_0022,1
CUR_M5,TYRE_0023,1
CUR_M5,TYRE_0024,1
CUR_M5,TYRE_0025,1
CUR_M5,TYRE_0026,1
CUR_M5,TYRE_0027,1
CUR_M5,TYRE_0028,1
CUR_M5,TYRE_0029,1
CUR_M5,TYRE_0030,0
CUR_M5,TYRE_0031,1
CUR_M5,TYRE_0032,0
CUR_M5,TYRE_0033,1
CUR_M5,TYRE_0034,1
CUR_M5,TYRE_0035,1
CUR_M5,TYRE_0036,1
CUR_M5,TYRE_0037,1
CUR_M5,TYRE_0038,1
CUR_M5,TYRE_0039,0
CUR_M5,TYRE_0040,1
CUR_M5,TYRE_0041,1
CUR_M5,TYRE_0042,1
CUR_M5,TYRE_0043,1
CUR_M5,TYRE_0044,1
CUR_M5,TYRE_0045,1
CUR_M5,TYRE_0046,1
CUR_M5,TYRE_0047,1
CUR_M5,TYRE_0048,1
CUR_M5,TYRE_0049,1
CUR_M5,TYRE_0050,1
CUR_M5,TYRE_0051,0
CUR_M5,TYRE_0052,1
CUR_M5,TYRE_0053,1
CUR_M5,TYRE_0054,1
CUR_M5,TYRE_0055,1
CUR_M5,TYRE_0056,1
CUR_M5,TYRE_0057,1
CUR_M5,TYRE_0058,1
CUR_M5,TYRE_0059,1
CUR_M5,TYRE_0060,1
CUR_M5,TYRE_0061,1
CUR_M5,TYRE_0062,1
CUR_M5,TYRE_0063,1
CUR_M5,TYRE_0064,1
CUR_M5,TYRE_0065,1
CUR_M5,TYRE_0066,0
CUR_M5,TYRE_0067,1
CUR_M5,TYRE_0068,1
CUR_M5,TYRE_0069,1
CUR_M5,TYRE_0070,1
CUR_M5,TYRE_0071,1
CUR_M5,TYRE_0072,1
CUR_M5,TYRE_0073,1
CUR_M5,TYRE_0074,0
CUR_M5,TYRE_0075,1
CUR_M5,TYRE_0076,1
CUR_M5,TYRE_0077,1
CUR_M5,TYRE_0078,0
CUR_M5,TYRE_0079,1
CUR_M5,TYRE_0080,1
CUR_M5,TYRE_0081,1
CUR_M5,TYRE_0082,1
CUR_M5,TYRE_0083,1
CUR_M5,TYRE_0084,0
CUR_M5,TYRE_0085,0
CUR_M5,TYRE_0086,1
CUR_M5,TYRE_0087,1
CUR_M5,TYRE_0088,1
CUR_M5,TYRE_0089,0
CUR_M5,TYRE_0090,0
CUR_M5,TYRE_0091,0
CUR_M5,TYRE_0092,1
CUR_M5,TYRE_0093,1
CUR_M5,TYRE_0094,0
CUR_M5,TYRE_0095,1
CUR_M5,TYRE_0096,0
CUR_M5,TYRE_0097,1
CUR_M5,TYRE_0098,1
CUR_M5,TYRE_0099,1
CUR_M5,TYRE_0100,1
CUR_M5,TYRE_0101,1
CUR_M5,TYRE_0102,1
CUR_M5,TYRE_0103,1
CUR_M5,TYRE_0104,1
CUR_M5,TYRE_0105,1
CUR_M5,TYRE_0106,0
CUR_M5,TYRE_0107,1
CUR_M5,TYRE_0108,1
CUR_M5,TYRE_0109,1
CUR_M5,TYRE_0110,1
CUR_M5,TYRE_0111,1
CUR_M5,TYRE_0112,1
CUR_M5,TYRE_0113,1
CUR_M5,TYRE_0114,1
CUR_M5,TYRE_0115,1
CUR_M5,TYRE_0116,1
CUR_M5,TYRE_0117,1
CUR_M5,TYRE_0118,1
CUR_M5,TYRE_0119,1
CUR_M5,TYRE_0120,1
CUR_M5,TYRE_0121,1
CUR_M5,TYRE_0122,1
CUR_M5,TYRE_0123,1
CUR_M5,TYRE_0124,1
CUR_M5,TYRE_0125,1
CUR_M5,TYRE_0126,1
CUR_M5,TYRE_0127,0
CUR_M5,TYRE_0128,0
CUR_M5,TYRE_0129,1
CUR_M5,TYRE_0130,1
CUR_M5,TYRE_0131,0
CUR_M5,TYRE_0132,1
CUR_M5,TYRE_0133,1
CUR_M5,TYRE_0134,1
CUR_M5,TYRE_0135,1
CUR_M5,TYRE_0136,1
CUR_M5,TYRE_0137,1
CUR_M5,TYRE_0138,1
CUR_M5,TYRE_0139,0
CUR_M5,TYRE_0140,1
CUR_M5,TYRE_0141,1
CUR_M5,TYRE_0142,1
CUR_M5,TYRE_0143,0
CUR_M5,TYRE_0144,0
CUR_M5,TYRE_0145,1
CUR_M5,TYRE_0146,1
CUR_M5,TYRE_0147,1
CUR_M5,TYRE_0148,0
CUR_M5,TYRE_0149,1
CUR_M6,TYRE_0000,1
CUR_M6,TYRE_0001,0
CUR_M6,TYRE_0002,1
CUR_M6,TYRE_0003,1
CUR_M6,TYRE_0004,0
CUR_M6,TYRE_0005,1
CUR_M6,TYRE_0006,1
CUR_M6,TYRE_0007,0
CUR_M6,TYRE_0008,1
CUR_M6,TYRE_0009,1
CUR_M6,TYRE_0010,1
CUR_M6,TYRE_0011,1
CUR_M6,TYRE_0012,1
CUR_M6,TYRE_0013,1
CUR_M6,TYRE_0014,1
CUR_M6,TYRE_0015,1
CUR_M6,TYRE_0016,0
CUR_M6,TYRE_0017,1
CUR_M6,TYRE_0018,1
CUR_M6,TYRE_0019,1
CUR_M6,TYRE_0020,1
CUR_M6,TYRE_0021,1
CUR_M6,TYRE_0022,1
CUR_M6,TYRE_0023,1
CUR_M6,TYRE_0024,1
CUR_M6,TYRE_0025,0
CUR_M6,TYRE_0026,1
CUR_M6,TYRE_0027,1
CUR_M6,TYRE_0028,1
CUR_M6,TYRE_0029,1
CUR_M6,TYRE_0030,1
CUR_M6,TYRE_0031,0
CUR_M6,TYRE_0032,1
CUR_M6,TYRE_0033,1
CUR_M6,TYRE_0034,1
CUR_M6,TYRE_0035,1
CUR_M6,TYRE_0036,0
CUR_M6,TYRE_0037,1
CUR_M6,TYRE_0038,1
CUR_M6,TYRE_0039,1
CUR_M6,TYRE_0040,1
CUR_M6,TYRE_0041,1
CUR_M6,TYRE_0042,1
CUR_M6,TYRE_0043,0
CUR_M6,TYRE_0044,1
CUR_M6,TYRE_0045,0
CUR_M6,TYRE_0046,1
CUR_M6,TYRE_0047,1
CUR_M6,TYRE_0048,1
CUR_M6,TYRE_0049,1
CUR_M6,TYRE_0050,1
CUR_M6,TYRE_0051,1
CUR_M6,TYRE_0052,1
CUR_M6,TYRE_0053,1
CUR_M6,TYRE_0054,1
CUR_M6,TYRE_0055,1
CUR_M6,TYRE_0056,0
CUR_M6,TYRE_0057,1
CUR_M6,TYRE_0058,1
CUR_M6,TYRE_0059,1
CUR_M6,TYRE_0060,1
CUR_M6,TYRE_0061,1
CUR_M6,TYRE_0062,1
CUR_M6,TYRE_0063,0
CUR_M6,TYRE_0064,1
CUR_M6,TYRE_0065,1
CUR_M6,TYRE_0066,1
CUR_M6,TYRE_0067,1
CUR_M6,TYRE_0068,1
CUR_M6,TYRE_0069,1
CUR_M6,TYRE_0070,1
CUR_M6,TYRE_0071,1
CUR_M6,TYRE_0072,0
CUR_M6,TYRE_0073,1
CUR_M6,TYRE_0074,1
CUR_M6,TYRE_0075,1
CUR_M6,TYRE_0076,0
CUR_M6,TYRE_0077,1
CUR_M6,TYRE_0078,1
CUR_M6,TYRE_0079,1
CUR_M6,TYRE_0080,1
CUR_M6,TYRE_0081,0
CUR_M6,TYRE_0082,1
CUR_M6,TYRE_0083,1
CUR_M6,TYRE_0084,1
CUR_M6,TYRE_0085,1
CUR_M6,TYRE_0086,1
CUR_M6,TYRE_0087,1
CUR_M6,TYRE_0088,0
CUR_M6,TYRE_0089,1
CUR_M6,TYRE_0090,1
CUR_M6,TYRE_0091,1
CUR_M6,TYRE_0092,1
CUR_M6,TYRE_0093,1
CUR_M6,TYRE_0094,1
CUR_M6,TYRE_0095,0
CUR_M6,TYRE_0096,1
CUR_M6,TYRE_0097,1
CUR_M6,TYRE_0098,1
CUR_M6,TYRE_0099,1
CUR_M6,TYRE_0100,0
CUR_M6,TYRE_0101,1
CUR_M6,TYRE_0102,1
CUR_M6,TYRE_0103,1
CUR_M6,TYRE_0104,1
CUR_M6,TYRE_0105,1
CUR_M6,TYRE_0106,0
CUR_M6,TYRE_0107,0
CUR_M6,TYRE_0108,0
CUR_M6,TYRE_0109,0
CUR_M6,TYRE_0110,1
CUR_M6,TYRE_0111,1
CUR_M6,TYRE_0112,1
CUR_M6,TYRE_0113,0
CUR_M6,TYRE_0114,1
CUR_M6,TYRE_0115,1
CUR_M6,TYRE_0116,1
CUR_M6,TYRE_0117,1
CUR_M6,TYRE_0118,1
CUR_M6,TYRE_0119,0
CUR_M6,TYRE_0120,1
CUR_M6,TYRE_0121,0
CUR_M6,TYRE_0122,1
CUR_M6,TYRE_0123,1
CUR_M6,TYRE_0124,1
CUR_M6,TYRE_0125,1
CUR_M6,TYRE_0126,0
CUR_M6,TYRE_0127,1
CUR_M6,TYRE_0128,1
CUR_M6,TYRE_0129,1
CUR_M6,TYRE_0130,1
CUR_M6,TYRE_0131,1
CUR_M6,TYRE_0132,0
CUR_M6,TYRE_0133,1
CUR_M6,TYRE_0134,1
CUR_M6,TYRE_0135,1
CUR_M6,TYRE_0136,1
CUR_M6,TYRE_0137,1
CUR_M6,TYRE_0138,0
CUR_M6,TYRE_0139,1
CUR_M6,TYRE_0140,0
CUR_M6,TYRE_0141,1
CUR_M6,TYRE_0142,0
CUR_M6,TYRE_0143,1
CUR_M6,TYRE_0144,1
CUR_M6,TYRE_0145,1
CUR_M6,TYRE_0146,0
CUR_M6,TYRE_0147,1
CUR_M6,TYRE_0148,0
CUR_M6,TYRE_0149,1
CUR_M7,TYRE_0000,1
CUR_M7,TYRE_0001,1
CUR_M7,TYRE_0002,1
CUR_M7,TYRE_0003,1
CUR_M7,TYRE_0004,1
CUR_M7,TYRE_0005,1
CUR_M7,TYRE_0006,0
CUR_M7,TYRE_0007,1
CUR_M7,TYRE_0008,1
CUR_M7,TYRE_0009,1
CUR_M7,TYRE_0010,0
CUR_M7,TYRE_0011,1
CUR_M7,TYRE_0012,0
CUR_M7,TYRE_0013,1
CUR_M7,TYRE_0014,1
CUR_M7,TYRE_0015,1
CUR_M7,TYRE_0016,1
CUR_M7,TYRE_0017,0
CUR_M7,TYRE_0018,1
CUR_M7,TYRE_0019,1
CUR_M7,TYRE_0020,1
CUR_M7,TYRE_0021,1
CUR_M7,TYRE_0022,1
CUR_M7,TYRE_0023,1
CUR_M7,TYRE_0024,1
CUR_M7,TYRE_0025,1
CUR_M7,TYRE_0026,1
CUR_M7,TYRE_0027,0
CUR_M7,TYRE_0028,1
CUR_M7,TYRE_0029,0
CUR_M7,TYRE_0030,1
CUR_M7,TYRE_0031,1
CUR_M7,TYRE_0032,1
CUR_M7,TYRE_0033,1
CUR_M7,TYRE_0034,1
CUR_M7,TYRE_0035,0
CUR_M7,TYRE_0036,1
CUR_M7,TYRE_0037,1
CUR_M7,TYRE_0038,1
CUR_M7,TYRE_0039,1
CUR_M7,TYRE_0040,1
CUR_M7,TYRE_0041,0
CUR_M7,TYRE_0042,1
CUR_M7,TYRE_0043,1
CUR_M7,TYRE_0044,1
CUR_M7,TYRE_0045,1
CUR_M7,TYRE_0046,1
CUR_M7,TYRE_0047,0
CUR_M7,TYRE_0048,1
CUR_M7,TYRE_0049,1
CUR_M7,TYRE_0050,1
CUR_M7,TYRE_0051,1
CUR_M7,TYRE_0052,1
CUR_M7,TYRE_0053,1
CUR_M7,TYRE_0054,1
CUR_M7,TYRE_0055,1
CUR_M7,TYRE_0056,1
CUR_M7,TYRE_0057,1
CUR_M7,TYRE_0058,0
CUR_M7,TYRE_0059,1
CUR_M7,TYRE_0060,1
CUR_M7,TYRE_0061,1
CUR_M7,TYRE_0062,1
CUR_M7,TYRE_0063,0
CUR_M7,TYRE_0064,1
CUR_M7,TYRE_0065,0
CUR_M7,TYRE_0066,1
CUR_M7,TYRE_0067,1
CUR_M7,TYRE_0068,1
CUR_M7,TYRE_0069,1
CUR_M7,TYRE_0070,1
CUR_M7,TYRE_0071,0
CUR_M7,TYRE_0072,1
CUR_M7,TYRE_0073,1
CUR_M7,TYRE_0074,1
CUR_M7,TYRE_0075,1
CUR_M7,TYRE_0076,1
CUR_M7,TYRE_0077,1
CUR_M7,TYRE_0078,1
CUR_M7,TYRE_0079,0
CUR_M7,TYRE_0080,1
CUR_M7,TYRE_0081,1
CUR_M7,TYRE_0082,0
CUR_M7,TYRE_0083,0
CUR_M7,TYRE_0084,1
CUR_M7,TYRE_0085,1
CUR_M7,TYRE_0086,1
CUR_M7,TYRE_0087,0
CUR_M7,TYRE_0088,0
CUR_M7,TYRE_0089,1
CUR_M7,TYRE_0090,1
CUR_M7,TYRE_0091,1
CUR_M7,TYRE_0092,1
CUR_M7,TYRE_0093,0
CUR_M7,TYRE_0094,1
CUR_M7,TYRE_0095,1
CUR_M7,TYRE_0096,1
CUR_M7,TYRE_0097,1
CUR_M7,TYRE_0098,1
CUR_M7,TYRE_0099,0
CUR_M7,TYRE_0100,1
CUR_M7,TYRE_0101,1
CUR_M7,TYRE_0102,1
CUR_M7,TYRE_0103,1
CUR_M7,TYRE_0104,1
CUR_M7,TYRE_0105,0
CUR_M7,TYRE_0106,1
CUR_M7,TYRE_0107,1
CUR_M7,TYRE_0108,1
CUR_M7,TYRE_0109,1
CUR_M7,TYRE_0110,1
CUR_M7,TYRE_0111,1
CUR_M7,TYRE_0112,1
CUR_M7,TYRE_0113,1
CUR_M7,TYRE_0114,1
CUR_M7,TYRE_0115,1
CUR_M7,TYRE_0116,1
CUR_M7,TYRE_0117,1
CUR_M7,TYRE_0118,1
CUR_M7,TYRE_0119,1
CUR_M7,TYRE_0120,0
CUR_M7,TYRE_0121,1
CUR_M7,TYRE_0122,1
CUR_M7,TYRE_0123,1
CUR_M7,TYRE_0124,0
CUR_M7,TYRE_0125,1
CUR_M7,TYRE_0126,0
CUR_M7,TYRE_0127,1
CUR_M7,TYRE_0128,0
CUR_M7,TYRE_0129,1
CUR_M7,TYRE_0130,0
CUR_M7,TYRE_0131,1
CUR_M7,TYRE_0132,1
CUR_M7,TYRE_0133,1
CUR_M7,TYRE_0134,0
CUR_M7,TYRE_0135,0
CUR_M7,TYRE_0136,1
CUR_M7,TYRE_0137,1
CUR_M7,TYRE_0138,1
CUR_M7,TYRE_0139,0
CUR_M7,TYRE_0140,1
CUR_M7,TYRE_0141,1
CUR_M7,TYRE_0142,1
CUR_M7,TYRE_0143,1
CUR_M7,TYRE_0144,1
CUR_M7,TYRE_0145,1
CUR_M7,TYRE_0146,1
CUR_M7,TYRE_0147,1
CUR_M7,TYRE_0148,1
CUR_M7,TYRE_0149,0
CUR_M8,TYRE_0000,1
CUR_M8,TYRE_0001,1
CUR_M8,TYRE_0002,1
CUR_M8,TYRE_0003,1
CUR_M8,TYRE_0004,0
CUR_M8,TYRE_0005,1
CUR_M8,TYRE_0006,1
CUR_M8,TYRE_0007,1
CUR_M8,TYRE_0008,0
CUR_M8,TYRE_0009,1
CUR_M8,TYRE_0010,1
CUR_M8,TYRE_0011,1
CUR_M8,TYRE_0012,1
CUR_M8,TYRE_0013,1
CUR_M8,TYRE_0014,1
CUR_M8,TYRE_0015,1
CUR_M8,TYRE_0016,1
CUR_M8,TYRE_0017,1
CUR_M8,TYRE_0018,1
CUR_M8,TYRE_0019,1
CUR_M8,TYRE_0020,1
CUR_M8,TYRE_0021,0
CUR_M8,TYRE_0022,1
CUR_M8,TYRE_0023,1
CUR_M8,TYRE_0024,1
CUR_M8,TYRE_0025,1
CUR_M8,TYRE_0026,1
CUR_M8,TYRE_0027,1
CUR_M8,TYRE_0028,0
CUR_M8,TYRE_0029,1
CUR_M8,TYRE_0030,0
CUR_M8,TYRE_0031,1
CUR_M8,TYRE_0032,1
CUR_M8,TYRE_0033,1
CUR_M8,TYRE_0034,1
CUR_M8,TYRE_0035,0
CUR_M8,TYRE_0036,1
CUR_M8,TYRE_0037,1
CUR_M8,TYRE_0038,1
CUR_M8,TYRE_0039,1
CUR_M8,TYRE_0040,1
CUR_M8,TYRE_0041,1
CUR_M8,TYRE_0042,0
CUR_M8,TYRE_0043,1
CUR_M8,TYRE_0044,0
CUR_M8,TYRE_0045,0
CUR_M8,TYRE_0046,0
CUR_M8,TYRE_0047,1
CUR_M8,TYRE_0048,1
CUR_M8,TYRE_0049,1
CUR_M8,TYRE_0050,1
CUR_M8,TYRE_0051,1
CUR_M8,TYRE_0052,1
CUR_M8,TYRE_0053,1
CUR_M8,TYRE_0054,1
CUR_M8,TYRE_0055,0
CUR_M8,TYRE_0056,1
CUR_M8,TYRE_0057,1
CUR_M8,TYRE_0058,1
CUR_M8,TYRE_0059,1
CUR_M8,TYRE_0060,0
CUR_M8,TYRE_0061,1
CUR_M8,TYRE_0062,1
CUR_M8,TYRE_0063,1
CUR_M8,TYRE_0064,1
CUR_M8,TYRE_0065,1
CUR_M8,TYRE_0066,0
CUR_M8,TYRE_0067,1
CUR_M8,TYRE_0068,0
CUR_M8,TYRE_0069,0
CUR_M8,TYRE_0070,0
CUR_M8,TYRE_0071,1
CUR_M8,TYRE_0072,1
CUR_M8,TYRE_0073,1
CUR_M8,TYRE_0074,1
CUR_M8,TYRE_0075,1
CUR_M8,TYRE_0076,0
CUR_M8,TYRE_0077,0
CUR_M8,TYRE_0078,1
CUR_M8,TYRE_0079,1
CUR_M8,TYRE_0080,0
CUR_M8,TYRE_0081,1
CUR_M8,TYRE_0082,1
CUR_M8,TYRE_0083,1
CUR_M8,TYRE_0084,1
CUR_M8,TYRE_0085,1
CUR_M8,TYRE_0086,1
CUR_M8,TYRE_0087,1
CUR_M8,TYRE_0088,1
CUR_M8,TYRE_0089,1
CUR_M8,TYRE_0090,1
CUR_M8,TYRE_0091,1
CUR_M8,TYRE_0092,1
CUR_M8,TYRE_0093,1
CUR_M8,TYRE_0094,1
CUR_M8,TYRE_0095,1
CUR_M8,TYRE_0096,1
CUR_M8,TYRE_0097,0
CUR_M8,TYRE_0098,0
CUR_M8,TYRE_0099,1
CUR_M8,TYRE_0100,1
CUR_M8,TYRE_0101,1
CUR_M8,TYRE_0102,1
CUR_M8,TYRE_0103,1
CUR_M8,TYRE_0104,0
CUR_M8,TYRE_0105,1
CUR_M8,TYRE_0106,1
CUR_M8,TYRE_0107,1
CUR_M8,TYRE_0108,0
CUR_M8,TYRE_0109,1
CUR_M8,TYRE_0110,1
CUR_M8,TYRE_0111,1
CUR_M8,TYRE_0112,1
CUR_M8,TYRE_0113,1
CUR_M8,TYRE_0114,1
CUR_M8,TYRE_0115,1
CUR_M8,TYRE_0116,0
CUR_M8,TYRE_0117,1
CUR_M8,TYRE_0118,1
CUR_M8,TYRE_0119,0
CUR_M8,TYRE_0120,1
CUR_M8,TYRE_0121,0
CUR_M8,TYRE_0122,0
CUR_M8,TYRE_0123,1
CUR_M8,TYRE_0124,1
CUR_M8,TYRE_0125,1
CUR_M8,TYRE_0126,1
CUR_M8,TYRE_0127,0
CUR_M8,TYRE_0128,0
CUR_M8,TYRE_0129,1
CUR_M8,TYRE_0130,1
CUR_M8,TYRE_0131,1
CUR_M8,TYRE_0132,1
CUR_M8,TYRE_0133,1
CUR_M8,TYRE_0134,1
CUR_M8,TYRE_0135,1
CUR_M8,TYRE_0136,1
CUR_M8,TYRE_0137,1
CUR_M8,TYRE_0138,1
CUR_M8,TYRE_0139,1
CUR_M8,TYRE_0140,1
CUR_M8,TYRE_0141,1
CUR_M8,TYRE_0142,1
CUR_M8,TYRE_0143,1
CUR_M8,TYRE_0144,1
CUR_M8,TYRE_0145,0
CUR_M8,TYRE_0146,1
CUR_M8,TYRE_0147,1
CUR_M8,TYRE_0148,0
CUR_M8,TYRE_0149,1
FIN_M1,TYRE_0000,1
FIN_M1,TYRE_0001,1
FIN_M1,TYRE_0002,1
FIN_M1,TYRE_0003,1
FIN_M1,TYRE_0004,1
FIN_M1,TYRE_0005,1
FIN_M1,TYRE_0006,0
FIN_M1,TYRE_0007,1
FIN_M1,TYRE_0008,1
FIN_M1,TYRE_0009,1
FIN_M1,TYRE_0010,0
FIN_M1,TYRE_0011,0
FIN_M1,TYRE_0012,1
FIN_M1,TYRE_0013,1
FIN_M1,TYRE_0014,1
FIN_M1,TYRE_0015,1
FIN_M1,TYRE_0016,1
FIN_M1,TYRE_0017,0
FIN_M1,TYRE_0018,1
FIN_M1,TYRE_0019,1
FIN_M1,TYRE_0020,1
FIN_M1,TYRE_0021,1
FIN_M1,TYRE_0022,1
FIN_M1,TYRE_0023,1
FIN_M1,TYRE_0024,1
FIN_M1,TYRE_0025,1
FIN_M1,TYRE_0026,1
FIN_M1,TYRE_0027,1
FIN_M1,TYRE_0028,1
FIN_M1,TYRE_0029,1
FIN_M1,TYRE_0030,1
FIN_M1,TYRE_0031,1
FIN_M1,TYRE_0032,1
FIN_M1,TYRE_0033,1
FIN_M1,TYRE_0034,1
FIN_M1,TYRE_0035,1
FIN_M1,TYRE_0036,1
FIN_M1,TYRE_0037,0
FIN_M1,TYRE_0038,0
FIN_M1,TYRE_0039,1
FIN_M1,TYRE_0040,1
FIN_M1,TYRE_0041,1
FIN_M1,TYRE_0042,1
FIN_M1,TYRE_0043,1
FIN_M1,TYRE_0044,1
FIN_M1,TYRE_0045,1
FIN_M1,TYRE_0046,0
FIN_M1,TYRE_0047,1
FIN_M1,TYRE_0048,1
FIN_M1,TYRE_0049,0
FIN_M1,TYRE_0050,0
FIN_M1,TYRE_0051,1
FIN_M1,TYRE_0052,0
FIN_M1,TYRE_0053,1
FIN_M1,TYRE_0054,0
FIN_M1,TYRE_0055,1
FIN_M1,TYRE_0056,1
FIN_M1,TYRE_0057,1
FIN_M1,TYRE_0058,1
FIN_M1,TYRE_0059,1
FIN_M1,TYRE_0060,1
FIN_M1,TYRE_0061,0
FIN_M1,TYRE_0062,1
FIN_M1,TYRE_0063,1
FIN_M1,TYRE_0064,1
FIN_M1,TYRE_0065,1
FIN_M1,TYRE_0066,0
FIN_M1,TYRE_0067,0
FIN_M1,TYRE_0068,0
FIN_M1,TYRE_0069,1
FIN_M1,TYRE_0070,1
FIN_M1,TYRE_0071,1
FIN_M1,TYRE_0072,1
FIN_M1,TYRE_0073,0
FIN_M1,TYRE_0074,1
FIN_M1,TYRE_0075,1
FIN_M1,TYRE_0076,1
FIN_M1,TYRE_0077,1
FIN_M1,TYRE_0078,1
FIN_M1,TYRE_0079,1
FIN_M1,TYRE_0080,1
FIN_M1,TYRE_0081,1
FIN_M1,TYRE_0082,1
FIN_M1,TYRE_0083,1
FIN_M1,TYRE_0084,1
FIN_M1,TYRE_0085,1
FIN_M1,TYRE_0086,1
FIN_M1,TYRE_0087,1
FIN_M1,TYRE_0088,1
FIN_M1,TYRE_0089,0
FIN_M1,TYRE_0090,1
FIN_M1,TYRE_0091,1
FIN_M1,TYRE_0092,1
FIN_M1,TYRE_0093,1
FIN_M1,TYRE_0094,1
FIN_M1,TYRE_0095,1
FIN_M1,TYRE_0096,1
FIN_M1,TYRE_0097,1
FIN_M1,TYRE_0098,1
FIN_M1,TYRE_0099,0
FIN_M1,TYRE_0100,1
FIN_M1,TYRE_0101,1
FIN_M1,TYRE_0102,0
FIN_M1,TYRE_0103,0
FIN_M1,TYRE_0104,1
FIN_M1,TYRE_0105,1
FIN_M1,TYRE_0106,0
FIN_M1,TYRE_0107,0
FIN_M1,TYRE_0108,0
FIN_M1,TYRE_0109,1
FIN_M1,TYRE_0110,1
FIN_M1,TYRE_0111,1
FIN_M1,TYRE_0112,1
FIN_M1,TYRE_0113,1
FIN_M1,TYRE_0114,1
FIN_M1,TYRE_0115,1
FIN_M1,TYRE_0116,1
FIN_M1,TYRE_0117,1
FIN_M1,TYRE_0118,1
FIN_M1,TYRE_0119,1
FIN_M1,TYRE_0120,0
FIN_M1,TYRE_0121,1
FIN_M1,TYRE_0122,0
FIN_M1,TYRE_0123,1
FIN_M1,TYRE_0124,1
FIN_M1,TYRE_0125,1
FIN_M1,TYRE_0126,1
FIN_M1,TYRE_0127,1
FIN_M1,TYRE_0128,1
FIN_M1,TYRE_0129,1
FIN_M1,TYRE_0130,1
FIN_M1,TYRE_0131,1
FIN_M1,TYRE_0132,1
FIN_M1,TYRE_0133,1
FIN_M1,TYRE_0134,1
FIN_M1,TYRE_0135,1
FIN_M1,TYRE_0136,1
FIN_M1,TYRE_0137,1
FIN_M1,TYRE_0138,1
FIN_M1,TYRE_0139,1
FIN_M1,TYRE_0140,1
FIN_M1,TYRE_0141,1
FIN_M1,TYRE_0142,1
FIN_M1,TYRE_0143,0
FIN_M1,TYRE_0144,1
FIN_M1,TYRE_0145,1
FIN_M1,TYRE_0146,1
FIN_M1,TYRE_0147,0
FIN_M1,TYRE_0148,0
FIN_M1,TYRE_0149,1
FIN_M2,TYRE_0000,1
FIN_M2,TYRE_0001,1
FIN_M2,TYRE_0002,1
FIN_M2,TYRE_0003,1
FIN_M2,TYRE_0004,1
FIN_M2,TYRE_0005,1
FIN_M2,TYRE_0006,0
FIN_M2,TYRE_0007,1
FIN_M2,TYRE_0008,1
FIN_M2,TYRE_0009,1
FIN_M2,TYRE_0010,1
FIN_M2,TYRE_0011,1
FIN_M2,TYRE_0012,1
FIN_M2,TYRE_0013,1
FIN_M2,TYRE_0014,1
FIN_M2,TYRE_0015,1
FIN_M2,TYRE_0016,1
FIN_M2,TYRE_0017,0
FIN_M2,TYRE_0018,0
FIN_M2,TYRE_0019,1
FIN_M2,TYRE_0020,0
FIN_M2,TYRE_0021,0
FIN_M2,TYRE_0022,1
FIN_M2,TYRE_0023,1
FIN_M2,TYRE_0024,1
FIN_M2,TYRE_0025,1
FIN_M2,TYRE_0026,1
FIN_M2,TYRE_0027,1
FIN_M2,TYRE_0028,1
FIN_M2,TYRE_0029,0
FIN_M2,TYRE_0030,1
FIN_M2,TYRE_0031,1
FIN_M2,TYRE_0032,0
FIN_M2,TYRE_0033,1
FIN_M2,TYRE_0034,1
FIN_M2,TYRE_0035,1
FIN_M2,TYRE_0036,1
FIN_M2,TYRE_0037,1
FIN_M2,TYRE_0038,0
FIN_M2,TYRE_0039,0
FIN_M2,TYRE_0040,1
FIN_M2,TYRE_0041,0
FIN_M2,TYRE_0042,1
FIN_M2,TYRE_0043,1
FIN_M2,TYRE_0044,1
FIN_M2,TYRE_0045,1
FIN_M2,TYRE_0046,1
FIN_M2,TYRE_0047,1
FIN_M2,TYRE_0048,0
FIN_M2,TYRE_0049,0
FIN_M2,TYRE_0050,1
FIN_M2,TYRE_0051,0
FIN_M2,TYRE_0052,1
FIN_M2,TYRE_0053,1
FIN_M2,TYRE_0054,0
FIN_M2,TYRE_0055,1
FIN_M2,TYRE_0056,1
FIN_M2,TYRE_0057,0
FIN_M2,TYRE_0058,0
FIN_M2,TYRE_0059,1
FIN_M2,TYRE_0060,1
FIN_M2,TYRE_0061,1
FIN_M2,TYRE_0062,1
FIN_M2,TYRE_0063,0
FIN_M2,TYRE_0064,0
FIN_M2,TYRE_0065,1
FIN_M2,TYRE_0066,1
FIN_M2,TYRE_0067,1
FIN_M2,TYRE_0068,0
FIN_M2,TYRE_0069,1
FIN_M2,TYRE_0070,1
FIN_M2,TYRE_0071,1
FIN_M2,TYRE_0072,0
FIN_M2,TYRE_0073,1
FIN_M2,TYRE_0074,1
FIN_M2,TYRE_0075,0
FIN_M2,TYRE_0076,1
FIN_M2,TYRE_0077,0
FIN_M2,TYRE_0078,1
FIN_M2,TYRE_0079,1
FIN_M2,TYRE_0080,1
FIN_M2,TYRE_0081,1
FIN_M2,TYRE_0082,0
FIN_M2,TYRE_0083,1
FIN_M2,TYRE_0084,1
FIN_M2,TYRE_0085,1
FIN_M2,TYRE_0086,1
FIN_M2,TYRE_0087,1
FIN_M2,TYRE_0088,1
FIN_M2,TYRE_0089,0
FIN_M2,TYRE_0090,1
FIN_M2,TYRE_0091,1
FIN_M2,TYRE_0092,1
FIN_M2,TYRE_0093,1
FIN_M2,TYRE_0094,0
FIN_M2,TYRE_0095,1
FIN_M2,TYRE_0096,1
FIN_M2,TYRE_0097,0
FIN_M2,TYRE_0098,1
FIN_M2,TYRE_0099,1
FIN_M2,TYRE_0100,1
FIN_M2,TYRE_0101,1
FIN_M2,TYRE_0102,1
FIN_M2,TYRE_0103,1
FIN_M2,TYRE_0104,0
FIN_M2,TYRE_0105,0
FIN_M2,TYRE_0106,1
FIN_M2,TYRE_0107,1
FIN_M2,TYRE_0108,1
FIN_M2,TYRE_0109,1
FIN_M2,TYRE_0110,1
FIN_M2,TYRE_0111,1
FIN_M2,TYRE_0112,1
FIN_M2,TYRE_0113,1
FIN_M2,TYRE_0114,1
FIN_M2,TYRE_0115,1
FIN_M2,TYRE_0116,1
FIN_M2,TYRE_0117,1
FIN_M2,TYRE_0118,1
FIN_M2,TYRE_0119,1
FIN_M2,TYRE_0120,0
FIN_M2,TYRE_0121,1
FIN_M2,TYRE_0122,1
FIN_M2,TYRE_0123,1
FIN_M2,TYRE_0124,1
FIN_M2,TYRE_0125,1
FIN_M2,TYRE_0126,1
FIN_M2,TYRE_0127,1
FIN_M2,TYRE_0128,1
FIN_M2,TYRE_0129,1
FIN_M2,TYRE_0130,0
FIN_M2,TYRE_0131,0
FIN_M2,TYRE_0132,0
FIN_M2,TYRE_0133,1
FIN_M2,TYRE_0134,0
FIN_M2,TYRE_0135,1
FIN_M2,TYRE_0136,1
FIN_M2,TYRE_0137,1
FIN_M2,TYRE_0138,0
FIN_M2,TYRE_0139,1
FIN_M2,TYRE_0140,1
FIN_M2,TYRE_0141,1
FIN_M2,TYRE_0142,0
FIN_M2,TYRE_0143,1
FIN_M2,TYRE_0144,1
FIN_M2,TYRE_0145,1
FIN_M2,TYRE_0146,1
FIN_M2,TYRE_0147,1
FIN_M2,TYRE_0148,1
FIN_M2,TYRE_0149,1
FIN_M3,TYRE_0000,1
FIN_M3,TYRE_0001,0
FIN_M3,TYRE_0002,1
FIN_M3,TYRE_0003,1
FIN_M3,TYRE_0004,0
FIN_M3,TYRE_0005,1
FIN_M3,TYRE_0006,1
FIN_M3,TYRE_0007,0
FIN_M3,TYRE_0008,1
FIN_M3,TYRE_0009,1
FIN_M3,TYRE_0010,1
FIN_M3,TYRE_0011,0
FIN_M3,TYRE_0012,1
FIN_M3,TYRE_0013,0
FIN_M3,TYRE_0014,1
FIN_M3,TYRE_0015,1
FIN_M3,TYRE_0016,1
FIN_M3,TYRE_0017,0
FIN_M3,TYRE_0018,0
FIN_M3,TYRE_0019,1
FIN_M3,TYRE_0020,1
FIN_M3,TYRE_0021,1
FIN_M3,TYRE_0022,1
FIN_M3,TYRE_0023,1
FIN_M3,TYRE_0024,1
FIN_M3,TYRE_0025,1
FIN_M3,TYRE_0026,1
FIN_M3,TYRE_0027,0
FIN_M3,TYRE_0028,1
FIN_M3,TYRE_0029,1
FIN_M3,TYRE_0030,1
FIN_M3,TYRE_0031,1
FIN_M3,TYRE_0032,1
FIN_M3,TYRE_0033,1
FIN_M3,TYRE_0034,1
FIN_M3,TYRE_0035,1
FIN_M3,TYRE_0036,1
FIN_M3,TYRE_0037,1
FIN_M3,TYRE_0038,1
FIN_M3,TYRE_0039,1
FIN_M3,TYRE_0040,1
FIN_M3,TYRE_0041,1
FIN_M3,TYRE_0042,0
FIN_M3,TYRE_0043,1
FIN_M3,TYRE_0044,1
FIN_M3,TYRE_0045,1
FIN_M3,TYRE_0046,1
FIN_M3,TYRE_0047,1
FIN_M3,TYRE_0048,1
FIN_M3,TYRE_0049,1
FIN_M3,TYRE_0050,1
FIN_M3,TYRE_0051,1
FIN_M3,TYRE_0052,0
FIN_M3,TYRE_0053,1
FIN_M3,TYRE_0054,1
FIN_M3,TYRE_0055,1
FIN_M3,TYRE_0056,1
FIN_M3,TYRE_0057,1
FIN_M3,TYRE_0058,1
FIN_M3,TYRE_0059,1
FIN_M3,TYRE_0060,1
FIN_M3,TYRE_0061,0
FIN_M3,TYRE_0062,1
FIN_M3,TYRE_0063,1
FIN_M3,TYRE_0064,1
FIN_M3,TYRE_0065,1
FIN_M3,TYRE_0066,1
FIN_M3,TYRE_0067,1
FIN_M3,TYRE_0068,1
FIN_M3,TYRE_0069,1
FIN_M3,TYRE_0070,1
FIN_M3,TYRE_0071,1
FIN_M3,TYRE_0072,0
FIN_M3,TYRE_0073,1
FIN_M3,TYRE_0074,1
FIN_M3,TYRE_0075,1
FIN_M3,TYRE_0076,1
FIN_M3,TYRE_0077,1
FIN_M3,TYRE_0078,1
FIN_M3,TYRE_0079,1
FIN_M3,TYRE_0080,1
FIN_M3,TYRE_0081,1
FIN_M3,TYRE_0082,1
FIN_M3,TYRE_0083,0
FIN_M3,TYRE_0084,1
FIN_M3,TYRE_0085,1
FIN_M3,TYRE_0086,1
FIN_M3,TYRE_0087,1
FIN_M3,TYRE_0088,1
FIN_M3,TYRE_0089,0
FIN_M3,TYRE_0090,1
FIN_M3,TYRE_0091,1
FIN_M3,TYRE_0092,1
FIN_M3,TYRE_0093,1
FIN_M3,TYRE_0094,0
FIN_M3,TYRE_0095,0
FIN_M3,TYRE_0096,1
FIN_M3,TYRE_0097,1
FIN_M3,TYRE_0098,1
FIN_M3,TYRE_0099,1
FIN_M3,TYRE_0100,1
FIN_M3,TYRE_0101,1
FIN_M3,TYRE_0102,1
FIN_M3,TYRE_0103,1
FIN_M3,TYRE_0104,1
FIN_M3,TYRE_0105,1
FIN_M3,TYRE_0106,0
FIN_M3,TYRE_0107,0
FIN_M3,TYRE_0108,1
FIN_M3,TYRE_0109,1
FIN_M3,TYRE_0110,1
FIN_M3,TYRE_0111,1
FIN_M3,TYRE_0112,1
FIN_M3,TYRE_0113,0
FIN_M3,TYRE_0114,1
FIN_M3,TYRE_0115,1
FIN_M3,TYRE_0116,1
FIN_M3,TYRE_0117,1
FIN_M3,TYRE_0118,1
FIN_M3,TYRE_0119,1
FIN_M3,TYRE_0120,1
FIN_M3,TYRE_0121,1
FIN_M3,TYRE_0122,1
FIN_M3,TYRE_0123,0
FIN_M3,TYRE_0124,1
FIN_M3,TYRE_0125,0
FIN_M3,TYRE_0126,1
FIN_M3,TYRE_0127,0
FIN_M3,TYRE_0128,1
FIN_M3,TYRE_0129,1
FIN_M3,TYRE_0130,1
FIN_M3,TYRE_0131,1
FIN_M3,TYRE_0132,1
FIN_M3,TYRE_0133,1
FIN_M3,TYRE_0134,1
FIN_M3,TYRE_0135,1
FIN_M3,TYRE_0136,1
FIN_M3,TYRE_0137,1
FIN_M3,TYRE_0138,1
FIN_M3,TYRE_0139,1
FIN_M3,TYRE_0140,1
FIN_M3,TYRE_0141,0
FIN_M3,TYRE_0142,1
FIN_M3,TYRE_0143,1
FIN_M3,TYRE_0144,1
FIN_M3,TYRE_0145,1
FIN_M3,TYRE_0146,1
FIN_M3,TYRE_0147,1
FIN_M3,TYRE_0148,1
FIN_M3,TYRE_0149,1
FIN_M4,TYRE_0000,1
FIN_M4,TYRE_0001,1
FIN_M4,TYRE_0002,1
FIN_M4,TYRE_0003,1
FIN_M4,TYRE_0004,1
FIN_M4,TYRE_0005,1
FIN_M4,TYRE_0006,1
FIN_M4,TYRE_0007,1
FIN_M4,TYRE_0008,1
FIN_M4,TYRE_0009,1
FIN_M4,TYRE_0010,1
FIN_M4,TYRE_0011,1
FIN_M4,TYRE_0012,1
FIN_M4,TYRE_0013,1
FIN_M4,TYRE_0014,1
FIN_M4,TYRE_0015,1
FIN_M4,TYRE_0016,1
FIN_M4,TYRE_0017,1
FIN_M4,TYRE_0018,0
FIN_M4,TYRE_0019,1
FIN_M4,TYRE_0020,1
FIN_M4,TYRE_0021,1
FIN_M4,TYRE_0022,1
FIN_M4,TYRE_0023,1
FIN_M4,TYRE_0024,0
FIN_M4,TYRE_0025,1
FIN_M4,TYRE_0026,1
FIN_M4,TYRE_0027,1
FIN_M4,TYRE_0028,0
FIN_M4,TYRE_0029,1
FIN_M4,TYRE_0030,1
FIN_M4,TYRE_0031,1
FIN_M4,TYRE_0032,1
FIN_M4,TYRE_0033,1
FIN_M4,TYRE_0034,1
FIN_M4,TYRE_0035,1
FIN_M4,TYRE_0036,1
FIN_M4,TYRE_0037,1
FIN_M4,TYRE_0038,1
FIN_M4,TYRE_0039,1
FIN_M4,TYRE_0040,1
FIN_M4,TYRE_0041,1
FIN_M4,TYRE_0042,1
FIN_M4,TYRE_0043,1
FIN_M4,TYRE_0044,1
FIN_M4,TYRE_0045,1
FIN_M4,TYRE_0046,1
FIN_M4,TYRE_0047,1
FIN_M4,TYRE_0048,1
FIN_M4,TYRE_0049,1
FIN_M4,TYRE_0050,1
FIN_M4,TYRE_0051,0
FIN_M4,TYRE_0052,1
FIN_M4,TYRE_0053,1
FIN_M4,TYRE_0054,0
FIN_M4,TYRE_0055,1
FIN_M4,TYRE_0056,1
FIN_M4,TYRE_0057,1
FIN_M4,TYRE_0058,0
FIN_M4,TYRE_0059,1
FIN_M4,TYRE_0060,1
FIN_M4,TYRE_0061,1
FIN_M4,TYRE_0062,1
FIN_M4,TYRE_0063,1
FIN_M4,TYRE_0064,1
FIN_M4,TYRE_0065,1
FIN_M4,TYRE_0066,1
FIN_M4,TYRE_0067,1
FIN_M4,TYRE_0068,1
FIN_M4,TYRE_0069,0
FIN_M4,TYRE_0070,1
FIN_M4,TYRE_0071,0
FIN_M4,TYRE_0072,1
FIN_M4,TYRE_0073,1
FIN_M4,TYRE_0074,1
FIN_M4,TYRE_0075,1
FIN_M4,TYRE_0076,1
FIN_M4,TYRE_0077,1
FIN_M4,TYRE_0078,1
FIN_M4,TYRE_0079,0
FIN_M4,TYRE_0080,1
FIN_M4,TYRE_0081,1
FIN_M4,TYRE_0082,0
FIN_M4,TYRE_0083,1
FIN_M4,TYRE_0084,1
FIN_M4,TYRE_0085,0
FIN_M4,TYRE_0086,1
FIN_M4,TYRE_0087,1
FIN_M4,TYRE_0088,1
FIN_M4,TYRE_0089,1
FIN_M4,TYRE_0090,0
FIN_M4,TYRE_0091,1
FIN_M4,TYRE_0092,1
FIN_M4,TYRE_0093,1
FIN_M4,TYRE_0094,0
FIN_M4,TYRE_0095,1
FIN_M4,TYRE_0096,1
FIN_M4,TYRE_0097,1
FIN_M4,TYRE_0098,1
FIN_M4,TYRE_0099,0
FIN_M4,TYRE_0100,1
FIN_M4,TYRE_0101,1
FIN_M4,TYRE_0102,1
FIN_M4,TYRE_0103,0
FIN_M4,TYRE_0104,0
FIN_M4,TYRE_0105,1
FIN_M4,TYRE_0106,0
FIN_M4,TYRE_0107,1
FIN_M4,TYRE_0108,1
FIN_M4,TYRE_0109,1
FIN_M4,TYRE_0110,1
FIN_M4,TYRE_0111,1
FIN_M4,TYRE_0112,0
FIN_M4,TYRE_0113,1
FIN_M4,TYRE_0114,1
FIN_M4,TYRE_0115,0
FIN_M4,TYRE_0116,0
FIN_M4,TYRE_0117,1
FIN_M4,TYRE_0118,1
FIN_M4,TYRE_0119,1
FIN_M4,TYRE_0120,1
FIN_M4,TYRE_0121,0
FIN_M4,TYRE_0122,0
FIN_M4,TYRE_0123,1
FIN_M4,TYRE_0124,1
FIN_M4,TYRE_0125,0
FIN_M4,TYRE_0126,1
FIN_M4,TYRE_0127,1
FIN_M4,TYRE_0128,1
FIN_M4,TYRE_0129,1
FIN_M4,TYRE_0130,1
FIN_M4,TYRE_0131,1
FIN_M4,TYRE_0132,0
FIN_M4,TYRE_0133,1
FIN_M4,TYRE_0134,1
FIN_M4,TYRE_0135,1
FIN_M4,TYRE_0136,1
FIN_M4,TYRE_0137,1
FIN_M4,TYRE_0138,1
FIN_M4,TYRE_0139,1
FIN_M4,TYRE_0140,1
FIN_M4,TYRE_0141,1
FIN_M4,TYRE_0142,1
FIN_M4,TYRE_0143,0
FIN_M4,TYRE_0144,0
FIN_M4,TYRE_0145,1
FIN_M4,TYRE_0146,1
FIN_M4,TYRE_0147,1
FIN_M4,TYRE_0148,1
FIN_M4,TYRE_0149,0
INS_M1,TYRE_0000,1
INS_M1,TYRE_0001,1
INS_M1,TYRE_0002,0
INS_M1,TYRE_0003,1
INS_M1,TYRE_0004,1
INS_M1,TYRE_0005,0
INS_M1,TYRE_0006,1
INS_M1,TYRE_0007,1
INS_M1,TYRE_0008,1
INS_M1,TYRE_0009,0
INS_M1,TYRE_0010,1
INS_M1,TYRE_0011,1
INS_M1,TYRE_0012,1
INS_M1,TYRE_0013,1
INS_M1,TYRE_0014,1
INS_M1,TYRE_0015,1
INS_M1,TYRE_0016,0
INS_M1,TYRE_0017,0
INS_M1,TYRE_0018,1
INS_M1,TYRE_0019,0
INS_M1,TYRE_0020,1
INS_M1,TYRE_0021,1
INS_M1,TYRE_0022,1
INS_M1,TYRE_0023,1
INS_M1,TYRE_0024,1
INS_M1,TYRE_0025,1
INS_M1,TYRE_0026,1
INS_M1,TYRE_0027,0
INS_M1,TYRE_0028,1
INS_M1,TYRE_0029,0
INS_M1,TYRE_0030,1
INS_M1,TYRE_0031,1
INS_M1,TYRE_0032,0
INS_M1,TYRE_0033,0
INS_M1,TYRE_0034,1
INS_M1,TYRE_0035,1
INS_M1,TYRE_0036,1
INS_M1,TYRE_0037,0
INS_M1,TYRE_0038,1
INS_M1,TYRE_0039,1
INS_M1,TYRE_0040,1
INS_M1,TYRE_0041,1
INS_M1,TYRE_0042,1
INS_M1,TYRE_0043,1
INS_M1,TYRE_0044,1
INS_M1,TYRE_0045,1
INS_M1,TYRE_0046,1
INS_M1,TYRE_0047,0
INS_M1,TYRE_0048,1
INS_M1,TYRE_0049,1
INS_M1,TYRE_0050,1
INS_M1,TYRE_0051,1
INS_M1,TYRE_0052,0
INS_M1,TYRE_0053,1
INS_M1,TYRE_0054,1
INS_M1,TYRE_0055,1
INS_M1,TYRE_0056,0
INS_M1,TYRE_0057,1
INS_M1,TYRE_0058,0
INS_M1,TYRE_0059,1
INS_M1,TYRE_0060,0
INS_M1,TYRE_0061,1
INS_M1,TYRE_0062,1
INS_M1,TYRE_0063,1
INS_M1,TYRE_0064,1
INS_M1,TYRE_0065,1
INS_M1,TYRE_0066,1
INS_M1,TYRE_0067,1
INS_M1,TYRE_0068,1
INS_M1,TYRE_0069,1
INS_M1,TYRE_0070,1
INS_M1,TYRE_0071,1
INS_M1,TYRE_0072,1
INS_M1,TYRE_0073,1
INS_M1,TYRE_0074,1
INS_M1,TYRE_0075,1
INS_M1,TYRE_0076,1
INS_M1,TYRE_0077,1
INS_M1,TYRE_0078,1
INS_M1,TYRE_0079,1
INS_M1,TYRE_0080,1
INS_M1,TYRE_0081,1
INS_M1,TYRE_0082,1
INS_M1,TYRE_0083,1
INS_M1,TYRE_0084,1
INS_M1,TYRE_0085,1
INS_M1,TYRE_0086,1
INS_M1,TYRE_0087,1
INS_M1,TYRE_0088,0
INS_M1,TYRE_0089,1
INS_M1,TYRE_0090,1
INS_M1,TYRE_0091,1
INS_M1,TYRE_0092,1
INS_M1,TYRE_0093,1
INS_M1,TYRE_0094,1
INS_M1,TYRE_0095,1
INS_M1,TYRE_0096,1
INS_M1,TYRE_0097,1
INS_M1,TYRE_0098,1
INS_M1,TYRE_0099,1
INS_M1,TYRE_0100,1
INS_M1,TYRE_0101,1
INS_M1,TYRE_0102,1
INS_M1,TYRE_0103,1
INS_M1,TYRE_0104,0
INS_M1,TYRE_0105,1
INS_M1,TYRE_0106,1
INS_M1,TYRE_0107,1
INS_M1,TYRE_0108,1
INS_M1,TYRE_0109,1
INS_M1,TYRE_0110,1
INS_M1,TYRE_0111,0
INS_M1,TYRE_0112,1
INS_M1,TYRE_0113,0
INS_M1,TYRE_0114,1
INS_M1,TYRE_0115,1
INS_M1,TYRE_0116,1
INS_M1,TYRE_0117,1
INS_M1,TYRE_0118,1
INS_M1,TYRE_0119,1
INS_M1,TYRE_0120,1
INS_M1,TYRE_0121,1
INS_M1,TYRE_0122,0
INS_M1,TYRE_0123,0
INS_M1,TYRE_0124,1
INS_M1,TYRE_0125,1
INS_M1,TYRE_0126,1
INS_M1,TYRE_0127,1
INS_M1,TYRE_0128,0
INS_M1,TYRE_0129,1
INS_M1,TYRE_0130,0
INS_M1,TYRE_0131,0
INS_M1,TYRE_0132,1
INS_M1,TYRE_0133,1
INS_M1,TYRE_0134,1
INS_M1,TYRE_0135,1
INS_M1,TYRE_0136,1
INS_M1,TYRE_0137,1
INS_M1,TYRE_0138,1
INS_M1,TYRE_0139,1
INS_M1,TYRE_0140,1
INS_M1,TYRE_0141,1
INS_M1,TYRE_0142,1
INS_M1,TYRE_0143,1
INS_M1,TYRE_0144,1
INS_M1,TYRE_0145,1
INS_M1,TYRE_0146,1
INS_M1,TYRE_0147,1
INS_M1,TYRE_0148,1
INS_M1,TYRE_0149,0
INS_M2,TYRE_0000,1
INS_M2,TYRE_0001,1
INS_M2,TYRE_0002,0
INS_M2,TYRE_0003,1
INS_M2,TYRE_0004,1
INS_M2,TYRE_0005,0
INS_M2,TYRE_0006,0
INS_M2,TYRE_0007,1
INS_M2,TYRE_0008,1
INS_M2,TYRE_0009,0
INS_M2,TYRE_0010,1
INS_M2,TYRE_0011,1
INS_M2,TYRE_0012,1
INS_M2,TYRE_0013,1
INS_M2,TYRE_0014,0
INS_M2,TYRE_0015,1
INS_M2,TYRE_0016,1
INS_M2,TYRE_0017,1
INS_M2,TYRE_0018,1
INS_M2,TYRE_0019,0
INS_M2,TYRE_0020,0
INS_M2,TYRE_0021,0
INS_M2,TYRE_0022,0
INS_M2,TYRE_0023,1
INS_M2,TYRE_0024,1
INS_M2,TYRE_0025,1
INS_M2,TYRE_0026,0
INS_M2,TYRE_0027,0
INS_M2,TYRE_0028,1
INS_M2,TYRE_0029,1
INS_M2,TYRE_0030,1
INS_M2,TYRE_0031,1
INS_M2,TYRE_0032,1
INS_M2,TYRE_0033,0
INS_M2,TYRE_0034,1
INS_M2,TYRE_0035,1
INS_M2,TYRE_0036,1
INS_M2,TYRE_0037,1
INS_M2,TYRE_0038,1
INS_M2,TYRE_0039,1
INS_M2,TYRE_0040,1
INS_M2,TYRE_0041,1
INS_M2,TYRE_0042,0
INS_M2,TYRE_0043,0
INS_M2,TYRE_0044,1
INS_M2,TYRE_0045,1
INS_M2,TYRE_0046,1
INS_M2,TYRE_0047,0
INS_M2,TYRE_0048,0
INS_M2,TYRE_0049,1
INS_M2,TYRE_0050,1
INS_M2,TYRE_0051,1
INS_M2,TYRE_0052,1
INS_M2,TYRE_0053,1
INS_M2,TYRE_0054,1
INS_M2,TYRE_0055,0
INS_M2,TYRE_0056,0
INS_M2,TYRE_0057,1
INS_M2,TYRE_0058,0
INS_M2,TYRE_0059,1
INS_M2,TYRE_0060,1
INS_M2,TYRE_0061,0
INS_M2,TYRE_0062,1
INS_M2,TYRE_0063,1
INS_M2,TYRE_0064,1
INS_M2,TYRE_0065,1
INS_M2,TYRE_0066,0
INS_M2,TYRE_0067,1
INS_M2,TYRE_0068,0
INS_M2,TYRE_0069,1
INS_M2,TYRE_0070,1
INS_M2,TYRE_0071,1
INS_M2,TYRE_0072,1
INS_M2,TYRE_0073,1
INS_M2,TYRE_0074,1
INS_M2,TYRE_0075,1
INS_M2,TYRE_0076,0
INS_M2,TYRE_0077,1
INS_M2,TYRE_0078,0
INS_M2,TYRE_0079,0
INS_M2,TYRE_0080,1
INS_M2,TYRE_0081,1
INS_M2,TYRE_0082,1
INS_M2,TYRE_0083,1
INS_M2,TYRE_0084,1
INS_M2,TYRE_0085,0
INS_M2,TYRE_0086,0
INS_M2,TYRE_0087,0
INS_M2,TYRE_0088,1
INS_M2,TYRE_0089,1
INS_M2,TYRE_0090,1
INS_M2,TYRE_0091,1
INS_M2,TYRE_0092,1
INS_M2,TYRE_0093,0
INS_M2,TYRE_0094,0
INS_M2,TYRE_0095,1
INS_M2,TYRE_0096,1
INS_M2,TYRE_0097,1
INS_M2,TYRE_0098,0
INS_M2,TYRE_0099,0
INS_M2,TYRE_0100,0
INS_M2,TYRE_0101,1
INS_M2,TYRE_0102,1
INS_M2,TYRE_0103,1
INS_M2,TYRE_0104,1
INS_M2,TYRE_0105,1
INS_M2,TYRE_0106,0
INS_M2,TYRE_0107,1
INS_M2,TYRE_0108,0
INS_M2,TYRE_0109,1
INS_M2,TYRE_0110,0
INS_M2,TYRE_0111,0
INS_M2,TYRE_0112,1
INS_M2,TYRE_0113,1
INS_M2,TYRE_0114,1
INS_M2,TYRE_0115,1
INS_M2,TYRE_0116,0
INS_M2,TYRE_0117,0
INS_M2,TYRE_0118,1
INS_M2,TYRE_0119,0
INS_M2,TYRE_0120,1
INS_M2,TYRE_0121,1
INS_M2,TYRE_0122,1
INS_M2,TYRE_0123,0
INS_M2,TYRE_0124,1
INS_M2,TYRE_0125,1
INS_M2,TYRE_0126,1
INS_M2,TYRE_0127,0
INS_M2,TYRE_0128,1
INS_M2,TYRE_0129,1
INS_M2,TYRE_0130,1
INS_M2,TYRE_0131,1
INS_M2,TYRE_0132,1
INS_M2,TYRE_0133,0
INS_M2,TYRE_0134,0
INS_M2,TYRE_0135,0
INS_M2,TYRE_0136,0
INS_M2,TYRE_0137,1
INS_M2,TYRE_0138,1
INS_M2,TYRE_0139,1
INS_M2,TYRE_0140,1
INS_M2,TYRE_0141,1
INS_M2,TYRE_0142,1
INS_M2,TYRE_0143,1
INS_M2,TYRE_0144,1
INS_M2,TYRE_0145,1
INS_M2,TYRE_0146,1
INS_M2,TYRE_0147,1
INS_M2,TYRE_0148,1
INS_M2,TYRE_0149,1
INS_M3,TYRE_0000,1
INS_M3,TYRE_0001,0
INS_M3,TYRE_0002,1
INS_M3,TYRE_0003,1
INS_M3,TYRE_0004,0
INS_M3,TYRE_0005,1
INS_M3,TYRE_0006,1
INS_M3,TYRE_0007,1
INS_M3,TYRE_0008,1
INS_M3,TYRE_0009,1
INS_M3,TYRE_0010,1
INS_M3,TYRE_0011,0
INS_M3,TYRE_0012,1
INS_M3,TYRE_0013,1
INS_M3,TYRE_0014,0
INS_M3,TYRE_0015,1
INS_M3,TYRE_0016,1
INS_M3,TYRE_0017,1
INS_M3,TYRE_0018,0
INS_M3,TYRE_0019,1
INS_M3,TYRE_0020,0
INS_M3,TYRE_0021,0
INS_M3,TYRE_0022,1
INS_M3,TYRE_0023,1
INS_M3,TYRE_0024,1
INS_M3,TYRE_0025,1
INS_M3,TYRE_0026,1
INS_M3,TYRE_0027,1
INS_M3,TYRE_0028,0
INS_M3,TYRE_0029,1
INS_M3,TYRE_0030,1
INS_M3,TYRE_0031,1
INS_M3,TYRE_0032,1
INS_M3,TYRE_0033,1
INS_M3,TYRE_0034,0
INS_M3,TYRE_0035,1
INS_M3,TYRE_0036,1
INS_M3,TYRE_0037,1
INS_M3,TYRE_0038,1
INS_M3,TYRE_0039,1
INS_M3,TYRE_0040,1
INS_M3,TYRE_0041,1
INS_M3,TYRE_0042,1
INS_M3,TYRE_0043,1
INS_M3,TYRE_0044,1
INS_M3,TYRE_0045,1
INS_M3,TYRE_0046,0
INS_M3,TYRE_0047,0
INS_M3,TYRE_0048,1
INS_M3,TYRE_0049,1
INS_M3,TYRE_0050,1
INS_M3,TYRE_0051,0
INS_M3,TYRE_0052,1
INS_M3,TYRE_0053,1
INS_M3,TYRE_0054,0
INS_M3,TYRE_0055,1
INS_M3,TYRE_0056,1
INS_M3,TYRE_0057,1
INS_M3,TYRE_0058,1
INS_M3,TYRE_0059,1
INS_M3,TYRE_0060,1
INS_M3,TYRE_0061,1
INS_M3,TYRE_0062,1
INS_M3,TYRE_0063,1
INS_M3,TYRE_0064,1
INS_M3,TYRE_0065,1
INS_M3,TYRE_0066,1
INS_M3,TYRE_0067,1
INS_M3,TYRE_0068,1
INS_M3,TYRE_0069,1
INS_M3,TYRE_0070,1
INS_M3,TYRE_0071,1
INS_M3,TYRE_0072,1
INS_M3,TYRE_0073,0
INS_M3,TYRE_0074,1
INS_M3,TYRE_0075,1
INS_M3,TYRE_0076,1
INS_M3,TYRE_0077,1
INS_M3,TYRE_0078,1
INS_M3,TYRE_0079,1
INS_M3,TYRE_0080,1
INS_M3,TYRE_0081,1
INS_M3,TYRE_0082,1
INS_M3,TYRE_0083,1
INS_M3,TYRE_0084,1
INS_M3,TYRE_0085,1
INS_M3,TYRE_0086,1
INS_M3,TYRE_0087,1
INS_M3,TYRE_0088,1
INS_M3,TYRE_0089,1
INS_M3,TYRE_0090,0
INS_M3,TYRE_0091,0
INS_M3,TYRE_0092,1
INS_M3,TYRE_0093,1
INS_M3,TYRE_0094,1
INS_M3,TYRE_0095,1
INS_M3,TYRE_0096,1
INS_M3,TYRE_0097,0
INS_M3,TYRE_0098,0
INS_M3,TYRE_0099,1
INS_M3,TYRE_0100,1
INS_M3,TYRE_0101,1
INS_M3,TYRE_0102,1
INS_M3,TYRE_0103,1
INS_M3,TYRE_0104,0
INS_M3,TYRE_0105,1
INS_M3,TYRE_0106,1
INS_M3,TYRE_0107,0
INS_M3,TYRE_0108,1
INS_M3,TYRE_0109,1
INS_M3,TYRE_0110,0
INS_M3,TYRE_0111,1
INS_M3,TYRE_0112,1
INS_M3,TYRE_0113,1
INS_M3,TYRE_0114,1
INS_M3,TYRE_0115,1
INS_M3,TYRE_0116,0
INS_M3,TYRE_0117,1
INS_M3,TYRE_0118,1
INS_M3,TYRE_0119,0
INS_M3,TYRE_0120,1
INS_M3,TYRE_0121,1
INS_M3,TYRE_0122,0
INS_M3,TYRE_0123,1
INS_M3,TYRE_0124,1
INS_M3,TYRE_0125,0
INS_M3,TYRE_0126,0
INS_M3,TYRE_0127,0
INS_M3,TYRE_0128,0
INS_M3,TYRE_0129,1
INS_M3,TYRE_0130,1
INS_M3,TYRE_0131,1
INS_M3,TYRE_0132,1
INS_M3,TYRE_0133,1
INS_M3,TYRE_0134,1
INS_M3,TYRE_0135,1
INS_M3,TYRE_0136,1
INS_M3,TYRE_0137,1
INS_M3,TYRE_0138,1
INS_M3,TYRE_0139,1
INS_M3,TYRE_0140,1
INS_M3,TYRE_0141,0
INS_M3,TYRE_0142,1
INS_M3,TYRE_0143,1
INS_M3,TYRE_0144,1
INS_M3,TYRE_0145,1
INS_M3,TYRE_0146,1
INS_M3,TYRE_0147,1
INS_M3,TYRE_0148,1
INS_M3,TYRE_0149,1
