parent_order_id,child_order_id
MO_00001,MO_00002
MO_00004,MO_00005
MO_00005,MO_00006
MO_00005,MO_00007
MO_00004,MO_00008
MO_00010,MO_00011
MO_00011,MO_00012
MO_00011,MO_00013
MO_00010,MO_00014
MO_00015,MO_00016
MO_00016,MO_00017
MO_00016,MO_00018
MO_00015,MO_00019
MO_00022,MO_00023
MO_00023,MO_00024
MO_00023,MO_00025
MO_00022,MO_00026
MO_00027,MO_00028
MO_00028,MO_00029
MO_00028,MO_00030
MO_00030,MO_00031
MO_00030,MO_00032
MO_00033,MO_00034
MO_00035,MO_00036
MO_00038,MO_00039
MO_00039,MO_00040
MO_00040,MO_00041
MO_00040,MO_00042
MO_00044,MO_00045
MO_00049,MO_00050
MO_00049,MO_00051
MO_00051,MO_00052
MO_00052,MO_00053
MO_00051,MO_00054
MO_00054,MO_00055
MO_00056,MO_00057
MO_00057,MO_00058
MO_00057,MO_00059
MO_00061,MO_00062
MO_00062,MO_00063
MO_00063,MO_00064
MO_00063,MO_00065
MO_00066,MO_00067
MO_00066,MO_00068
MO_00068,MO_00069
MO_00069,MO_00070
MO_00069,MO_00071
MO_00073,MO_00074
MO_00074,MO_00075
MO_00075,MO_00076
MO_00073,MO_00077
MO_00077,MO_00078
MO_00077,MO_00079
MO_00080,MO_00081
MO_00080,MO_00082
MO_00082,MO_00083
MO_00083,MO_00084
MO_00083,MO_00085
MO_00087,MO_00088
MO_00088,MO_00089
MO_00089,MO_00090
MO_00089,MO_00091
MO_00092,MO_00093
MO_00093,MO_00094
MO_00092,MO_00095
MO_00096,MO_00097
MO_00097,MO_00098
MO_00097,MO_00099
MO_00099,MO_00100
MO_00099,MO_00101
MO_00102,MO_00103
MO_00103,MO_00104
MO_00104,MO_00105
MO_00104,MO_00106
MO_00102,MO_00107
MO_00107,MO_00108
MO_00108,MO_00109
MO_00108,MO_00110
MO_00111,MO_00112
MO_00112,MO_00113
MO_00113,MO_00114
MO_00113,MO_00115
MO_00112,MO_00116
MO_00116,MO_00117
MO_00116,MO_00118
MO_00120,MO_00121
MO_00121,MO_00122
MO_00122,MO_00123
MO_00122,MO_00124
MO_00125,MO_00126
MO_00126,MO_00127
MO_00127,MO_00128
MO_00127,MO_00129
MO_00125,MO_00130
MO_00131,MO_00132
MO_00134,MO_00135
MO_00134,MO_00136
MO_00138,MO_00139
MO_00140,MO_00141
MO_00141,MO_00142
MO_00142,MO_00143
MO_00142,MO_00144
MO_00141,MO_00145
MO_00145,MO_00146
MO_00145,MO_00147
MO_00148,MO_00149
MO_00149,MO_00150
MO_00150,MO_00151
MO_00150,MO_00152
MO_00148,MO_00153
MO_00153,MO_00154
MO_00154,MO_00155
MO_00153,MO_00156
MO_00156,MO_00157
MO_00158,MO_00159
MO_00158,MO_00160
MO_00160,MO_00161
MO_00161,MO_00162
MO_00160,MO_00163
MO_00163,MO_00164
MO_00166,MO_00167
MO_00169,MO_00170
MO_00169,MO_00171
MO_00171,MO_00172
MO_00172,MO_00173
MO_00171,MO_00174
MO_00174,MO_00175
MO_00176,MO_00177
MO_00178,MO_00179
MO_00179,MO_00180
MO_00180,MO_00181
MO_00178,MO_00182
MO_00182,MO_00183
MO_00185,MO_00186
MO_00185,MO_00187
MO_00187,MO_00188
MO_00188,MO_00189
MO_00191,MO_00192
MO_00192,MO_00193
MO_00192,MO_00194
MO_00194,MO_00195
MO_00194,MO_00196
MO_00198,MO_00199
MO_00200,MO_00201
MO_00201,MO_00202
MO_00202,MO_00203
MO_00202,MO_00204
MO_00205,MO_00206
MO_00206,MO_00207
MO_00205,MO_00208
MO_00208,MO_00209
MO_00209,MO_00210
MO_00209,MO_00211
MO_00208,MO_00212
MO_00212,MO_00213
MO_00212,MO_00214
MO_00215,MO_00216
MO_00217,MO_00218
MO_00217,MO_00219
MO_00219,MO_00220
MO_00220,MO_00221
MO_00222,MO_00223
MO_00223,MO_00224
MO_00224,MO_00225
MO_00224,MO_00226
MO_00230,MO_00231
MO_00231,MO_00232
MO_00230,MO_00233
MO_00233,MO_00234
MO_00234,MO_00235
MO_00234,MO_00236
MO_00233,MO_00237
MO_00237,MO_00238
MO_00237,MO_00239
MO_00240,MO_00241
MO_00241,MO_00242
MO_00242,MO_00243
MO_00240,MO_00244
MO_00244,MO_00245
MO_00244,MO_00246
MO_00249,MO_00250
MO_00250,MO_00251
MO_00251,MO_00252
MO_00251,MO_00253
MO_00249,MO_00254
MO_00254,MO_00255
MO_00255,MO_00256
MO_00255,MO_00257
MO_00258,MO_00259
MO_00258,MO_00260
MO_00260,MO_00261
MO_00261,MO_00262
MO_00260,MO_00263
MO_00263,MO_00264
MO_00265,MO_00266
MO_00265,MO_00267
MO_00268,MO_00269
MO_00269,MO_00270
MO_00270,MO_00271
MO_00270,MO_00272
MO_00269,MO_00273
MO_00273,MO_00274
MO_00273,MO_00275
MO_00277,MO_00278
MO_00278,MO_00279
MO_00277,MO_00280
MO_00281,MO_00282
MO_00281,MO_00283
MO_00285,MO_00286
MO_00287,MO_00288
MO_00287,MO_00289
MO_00291,MO_00292
MO_00292,MO_00293
MO_00292,MO_00294
MO_00294,MO_00295
MO_00294,MO_00296
MO_00297,MO_00298
MO_00298,MO_00299
MO_00299,MO_00300
MO_00298,MO_00301
MO_00301,MO_00302
MO_00303,MO_00304
MO_00306,MO_00307
MO_00308,MO_00309
MO_00309,MO_00310
MO_00310,MO_00311
MO_00310,MO_00312
MO_00313,MO_00314
MO_00314,MO_00315
MO_00315,MO_00316
MO_00315,MO_00317
MO_00313,MO_00318
MO_00318,MO_00319
MO_00319,MO_00320
MO_00319,MO_00321
MO_00323,MO_00324
MO_00324,MO_00325
MO_00325,MO_00326
MO_00325,MO_00327
MO_00328,MO_00329
MO_00329,MO_00330
MO_00330,MO_00331
MO_00330,MO_00332
MO_00329,MO_00333
MO_00328,MO_00334
MO_00336,MO_00337
MO_00338,MO_00339
MO_00338,MO_00340
MO_00340,MO_00341
MO_00341,MO_00342
MO_00340,MO_00343
MO_00343,MO_00344
MO_00345,MO_00346
MO_00346,MO_00347
MO_00346,MO_00348
MO_00345,MO_00349
MO_00351,MO_00352
MO_00352,MO_00353
MO_00353,MO_00354
MO_00353,MO_00355
MO_00356,MO_00357
MO_00356,MO_00358
MO_00358,MO_00359
MO_00359,MO_00360
MO_00361,MO_00362
MO_00365,MO_00366
MO_00366,MO_00367
MO_00367,MO_00368
MO_00367,MO_00369
MO_00370,MO_00371
MO_00372,MO_00373
MO_00373,MO_00374
MO_00372,MO_00375
MO_00376,MO_00377
MO_00377,MO_00378
MO_00377,MO_00379
MO_00379,MO_00380
MO_00379,MO_00381
MO_00382,MO_00383
MO_00382,MO_00384
MO_00385,MO_00386
MO_00385,MO_00387
MO_00387,MO_00388
MO_00388,MO_00389
MO_00387,MO_00390
MO_00390,MO_00391
MO_00392,MO_00393
MO_00393,MO_00394
MO_00396,MO_00397
MO_00397,MO_00398
MO_00398,MO_00399
MO_00398,MO_00400
MO_00397,MO_00401
MO_00396,MO_00402
MO_00403,MO_00404
MO_00404,MO_00405
MO_00403,MO_00406
MO_00407,MO_00408
MO_00408,MO_00409
MO_00409,MO_00410
MO_00409,MO_00411
MO_00412,MO_00413
MO_00412,MO_00414
MO_00414,MO_00415
MO_00415,MO_00416
MO_00418,MO_00419
MO_00420,MO_00421
MO_00421,MO_00422
MO_00422,MO_00423
MO_00422,MO_00424
MO_00421,MO_00425
MO_00425,MO_00426
MO_00425,MO_00427
MO_00431,MO_00432
MO_00432,MO_00433
MO_00433,MO_00434
MO_00433,MO_00435
MO_00432,MO_00436
MO_00431,MO_00437
MO_00437,MO_00438
MO_00439,MO_00440
MO_00440,MO_00441
MO_00440,MO_00442
MO_00442,MO_00443
MO_00442,MO_00444
MO_00445,MO_00446
MO_00445,MO_00447
MO_00448,MO_00449
MO_00450,MO_00451
MO_00450,MO_00452
MO_00454,MO_00455
MO_00456,MO_00457
MO_00457,MO_00458
MO_00458,MO_00459
MO_00458,MO_00460
MO_00456,MO_00461
MO_00463,MO_00464
MO_00464,MO_00465
MO_00465,MO_00466
MO_00465,MO_00467
MO_00464,MO_00468
MO_00463,MO_00469
MO_00470,MO_00471
MO_00470,MO_00472
MO_00473,MO_00474
MO_00476,MO_00477
MO_00476,MO_00478
MO_00478,MO_00479
MO_00479,MO_00480
MO_00483,MO_00484
MO_00484,MO_00485
MO_00485,MO_00486
MO_00485,MO_00487
MO_00489,MO_00490
MO_00489,MO_00491
MO_00492,MO_00493
MO_00492,MO_00494
MO_00495,MO_00496
MO_00496,MO_00497
MO_00496,MO_00498
MO_00498,MO_00499
MO_00498,MO_00500
MO_00501,MO_00502
MO_00502,MO_00503
MO_00503,MO_00504
MO_00506,MO_00507
MO_00507,MO_00508
MO_00507,MO_00509
MO_00509,MO_00510
MO_00509,MO_00511
MO_00512,MO_00513
MO_00512,MO_00514
MO_00514,MO_00515
MO_00515,MO_00516
MO_00515,MO_00517
MO_00518,MO_00519
MO_00519,MO_00520
MO_00519,MO_00521
MO_00521,MO_00522
MO_00521,MO_00523
MO_00524,MO_00525
MO_00525,MO_00526
MO_00526,MO_00527
MO_00526,MO_00528
MO_00525,MO_00529
MO_00531,MO_00532
MO_00532,MO_00533
MO_00532,MO_00534
MO_00534,MO_00535
MO_00534,MO_00536
MO_00538,MO_00539
MO_00539,MO_00540
MO_00540,MO_00541
MO_00539,MO_00542
MO_00542,MO_00543
MO_00542,MO_00544
MO_00545,MO_00546
MO_00546,MO_00547
MO_00547,MO_00548
MO_00547,MO_00549
MO_00550,MO_00551
MO_00551,MO_00552
MO_00552,MO_00553
MO_00552,MO_00554
MO_00550,MO_00555
MO_00556,MO_00557
MO_00558,MO_00559
MO_00559,MO_00560
MO_00560,MO_00561
MO_00560,MO_00562
MO_00563,MO_00564
MO_00564,MO_00565
MO_00565,MO_00566
MO_00565,MO_00567
MO_00568,MO_00569
MO_00569,MO_00570
MO_00570,MO_00571
MO_00570,MO_00572
MO_00573,MO_00574
MO_00574,MO_00575
MO_00574,MO_00576
MO_00576,MO_00577
MO_00576,MO_00578
MO_00579,MO_00580
MO_00579,MO_00581
MO_00581,MO_00582
MO_00582,MO_00583
MO_00581,MO_00584
MO_00584,MO_00585
MO_00587,MO_00588
MO_00587,MO_00589
MO_00590,MO_00591
MO_00591,MO_00592
MO_00592,MO_00593
MO_00592,MO_00594
MO_00591,MO_00595
MO_00590,MO_00596
MO_00596,MO_00597
MO_00598,MO_00599
MO_00599,MO_00600
MO_00600,MO_00601
MO_00600,MO_00602
MO_00599,MO_00603
MO_00598,MO_00604
MO_00605,MO_00606
MO_00607,MO_00608
MO_00608,MO_00609
MO_00609,MO_00610
MO_00609,MO_00611
MO_00612,MO_00613
MO_00613,MO_00614
MO_00614,MO_00615
MO_00612,MO_00616
MO_00616,MO_00617
MO_00616,MO_00618
MO_00619,MO_00620
MO_00620,MO_00621
MO_00621,MO_00622
MO_00621,MO_00623
MO_00620,MO_00624
MO_00624,MO_00625
MO_00624,MO_00626
MO_00629,MO_00630
MO_00630,MO_00631
MO_00631,MO_00632
MO_00629,MO_00633
MO_00633,MO_00634
MO_00633,MO_00635
MO_00636,MO_00637
MO_00638,MO_00639
MO_00638,MO_00640
MO_00642,MO_00643
MO_00643,MO_00644
MO_00644,MO_00645
MO_00644,MO_00646
MO_00642,MO_00647
MO_00647,MO_00648
MO_00648,MO_00649
MO_00648,MO_00650
MO_00651,MO_00652
MO_00652,MO_00653
MO_00653,MO_00654
MO_00653,MO_00655
MO_00656,MO_00657
MO_00657,MO_00658
MO_00657,MO_00659
MO_00659,MO_00660
MO_00659,MO_00661
MO_00663,MO_00664
MO_00664,MO_00665
MO_00665,MO_00666
MO_00665,MO_00667
MO_00664,MO_00668
MO_00668,MO_00669
MO_00668,MO_00670
MO_00672,MO_00673
MO_00674,MO_00675
MO_00676,MO_00677
MO_00677,MO_00678
MO_00678,MO_00679
MO_00677,MO_00680
MO_00680,MO_00681
MO_00682,MO_00683
MO_00683,MO_00684
MO_00684,MO_00685
MO_00684,MO_00686
MO_00683,MO_00687
MO_00682,MO_00688
MO_00690,MO_00691
MO_00691,MO_00692
MO_00692,MO_00693
MO_00690,MO_00694
MO_00694,MO_00695
MO_00694,MO_00696
MO_00698,MO_00699
MO_00699,MO_00700
MO_00699,MO_00701
MO_00701,MO_00702
MO_00701,MO_00703
MO_00705,MO_00706
MO_00706,MO_00707
MO_00707,MO_00708
MO_00706,MO_00709
MO_00709,MO_00710
MO_00709,MO_00711
MO_00705,MO_00712
MO_00713,MO_00714
MO_00714,MO_00715
MO_00713,MO_00716
MO_00717,MO_00718
MO_00718,MO_00719
MO_00717,MO_00720
MO_00720,MO_00721
MO_00722,MO_00723
MO_00728,MO_00729
MO_00729,MO_00730
MO_00731,MO_00732
MO_00732,MO_00733
MO_00734,MO_00735
MO_00735,MO_00736
MO_00736,MO_00737
MO_00736,MO_00738
MO_00735,MO_00739
MO_00739,MO_00740
MO_00739,MO_00741
MO_00744,MO_00745
MO_00745,MO_00746
MO_00746,MO_00747
MO_00746,MO_00748
MO_00745,MO_00749
MO_00744,MO_00750
MO_00751,MO_00752
MO_00752,MO_00753
MO_00753,MO_00754
MO_00753,MO_00755
MO_00756,MO_00757
MO_00756,MO_00758
MO_00758,MO_00759
MO_00759,MO_00760
MO_00759,MO_00761
MO_00758,MO_00762
MO_00762,MO_00763
MO_00762,MO_00764
MO_00765,MO_00766
MO_00765,MO_00767
MO_00768,MO_00769
MO_00769,MO_00770
MO_00768,MO_00771
MO_00773,MO_00774
MO_00775,MO_00776
MO_00775,MO_00777
MO_00777,MO_00778
MO_00778,MO_00779
MO_00781,MO_00782
MO_00782,MO_00783
MO_00782,MO_00784
MO_00784,MO_00785
MO_00784,MO_00786
MO_00787,MO_00788
MO_00790,MO_00791
MO_00790,MO_00792
MO_00792,MO_00793
MO_00793,MO_00794
MO_00795,MO_00796
MO_00796,MO_00797
MO_00797,MO_00798
MO_00795,MO_00799
MO_00799,MO_00800
MO_00799,MO_00801
MO_00805,MO_00806
MO_00805,MO_00807
MO_00810,MO_00811
MO_00811,MO_00812
MO_00812,MO_00813
MO_00814,MO_00815
MO_00815,MO_00816
MO_00815,MO_00817
MO_00817,MO_00818
MO_00817,MO_00819
MO_00820,MO_00821
MO_00821,MO_00822
MO_00822,MO_00823
MO_00822,MO_00824
MO_00826,MO_00827
MO_00827,MO_00828
MO_00828,MO_00829
MO_00828,MO_00830
MO_00827,MO_00831
MO_00826,MO_00832
MO_00832,MO_00833
MO_00834,MO_00835
MO_00835,MO_00836
MO_00836,MO_00837
MO_00835,MO_00838
MO_00838,MO_00839
MO_00834,MO_00840
MO_00840,MO_00841
MO_00842,MO_00843
MO_00842,MO_00844
MO_00844,MO_00845
MO_00845,MO_00846
MO_00847,MO_00848
MO_00847,MO_00849
MO_00850,MO_00851
MO_00855,MO_00856
MO_00856,MO_00857
MO_00856,MO_00858
MO_00858,MO_00859
MO_00858,MO_00860
MO_00861,MO_00862
MO_00863,MO_00864
MO_00864,MO_00865
MO_00865,MO_00866
MO_00865,MO_00867
MO_00864,MO_00868
MO_00863,MO_00869
MO_00872,MO_00873
MO_00874,MO_00875
MO_00876,MO_00877
MO_00877,MO_00878
MO_00878,MO_00879
MO_00880,MO_00881
MO_00882,MO_00883
MO_00883,MO_00884
MO_00882,MO_00885
MO_00885,MO_00886
MO_00886,MO_00887
MO_00886,MO_00888
MO_00885,MO_00889
MO_00889,MO_00890
MO_00889,MO_00891
MO_00896,MO_00897
MO_00897,MO_00898
MO_00898,MO_00899
MO_00898,MO_00900
MO_00896,MO_00901
MO_00902,MO_00903
MO_00903,MO_00904
MO_00904,MO_00905
MO_00904,MO_00906
MO_00902,MO_00907
MO_00907,MO_00908
MO_00908,MO_00909
MO_00908,MO_00910
MO_00911,MO_00912
MO_00912,MO_00913
MO_00912,MO_00914
MO_00911,MO_00915
MO_00916,MO_00917
MO_00916,MO_00918
MO_00920,MO_00921
MO_00920,MO_00922
MO_00922,MO_00923
MO_00923,MO_00924
MO_00922,MO_00925
MO_00925,MO_00926
MO_00928,MO_00929
MO_00931,MO_00932
MO_00934,MO_00935
MO_00935,MO_00936
MO_00936,MO_00937
MO_00936,MO_00938
MO_00940,MO_00941
MO_00941,MO_00942
MO_00942,MO_00943
MO_00942,MO_00944
MO_00950,MO_00951
MO_00951,MO_00952
MO_00952,MO_00953
MO_00952,MO_00954
MO_00951,MO_00955
MO_00950,MO_00956
MO_00956,MO_00957
MO_00960,MO_00961
MO_00960,MO_00962
MO_00962,MO_00963
MO_00963,MO_00964
MO_00963,MO_00965
MO_00966,MO_00967
MO_00967,MO_00968
MO_00967,MO_00969
MO_00969,MO_00970
MO_00969,MO_00971
MO_00975,MO_00976
MO_00976,MO_00977
MO_00977,MO_00978
MO_00977,MO_00979
MO_00976,MO_00980
MO_00980,MO_00981
MO_00980,MO_00982
MO_00983,MO_00984
MO_00983,MO_00985
MO_00985,MO_00986
MO_00986,MO_00987
MO_00985,MO_00988
MO_00988,MO_00989
MO_00990,MO_00991
MO_00991,MO_00992
MO_00992,MO_00993
MO_00992,MO_00994
MO_00990,MO_00995
MO_00995,MO_00996
MO_00996,MO_00997
MO_01000,MO_01001
MO_01001,MO_01002
MO_01002,MO_01003
MO_01002,MO_01004
MO_01001,MO_01005
MO_01000,MO_01006
MO_01007,MO_01008
MO_01008,MO_01009
MO_01008,MO_01010
MO_01010,MO_01011
MO_01010,MO_01012
MO_01013,MO_01014
MO_01014,MO_01015
MO_01018,MO_01019
MO_01019,MO_01020
MO_01020,MO_01021
MO_01020,MO_01022
MO_01023,MO_01024
MO_01023,MO_01025
MO_01025,MO_01026
MO_01026,MO_01027
MO_01025,MO_01028
MO_01028,MO_01029
MO_01030,MO_01031
MO_01031,MO_01032
MO_01031,MO_01033
MO_01033,MO_01034
MO_01033,MO_01035
MO_01036,MO_01037
MO_01038,MO_01039
MO_01040,MO_01041
MO_01045,MO_01046
MO_01046,MO_01047
MO_01047,MO_01048
MO_01047,MO_01049
MO_01046,MO_01050
MO_01050,MO_01051
MO_01050,MO_01052
MO_01053,MO_01054
MO_01053,MO_01055
MO_01056,MO_01057
MO_01057,MO_01058
MO_01058,MO_01059
MO_01058,MO_01060
MO_01057,MO_01061
MO_01056,MO_01062
MO_01062,MO_01063
MO_01066,MO_01067
MO_01067,MO_01068
MO_01069,MO_01070
MO_01071,MO_01072
MO_01077,MO_01078
MO_01078,MO_01079
MO_01079,MO_01080
MO_01079,MO_01081
MO_01082,MO_01083
MO_01083,MO_01084
MO_01084,MO_01085
MO_01082,MO_01086
MO_01086,MO_01087
MO_01086,MO_01088
MO_01089,MO_01090
MO_01090,MO_01091
MO_01091,MO_01092
MO_01091,MO_01093
MO_01090,MO_01094
MO_01089,MO_01095
MO_01098,MO_01099
MO_01099,MO_01100
MO_01099,MO_01101
MO_01101,MO_01102
MO_01101,MO_01103
MO_01104,MO_01105
MO_01105,MO_01106
MO_01106,MO_01107
MO_01104,MO_01108
MO_01108,MO_01109
MO_01108,MO_01110
MO_01111,MO_01112
MO_01111,MO_01113
MO_01113,MO_01114
MO_01114,MO_01115
MO_01117,MO_01118
MO_01118,MO_01119
MO_01119,MO_01120
MO_01117,MO_01121
MO_01121,MO_01122
MO_01121,MO_01123
MO_01124,MO_01125
MO_01129,MO_01130
MO_01130,MO_01131
MO_01130,MO_01132
MO_01129,MO_01133
MO_01134,MO_01135
MO_01135,MO_01136
MO_01136,MO_01137
MO_01136,MO_01138
MO_01134,MO_01139
MO_01139,MO_01140
MO_01140,MO_01141
MO_01140,MO_01142
MO_01143,MO_01144
MO_01143,MO_01145
MO_01146,MO_01147
MO_01146,MO_01148
MO_01151,MO_01152
MO_01152,MO_01153
MO_01153,MO_01154
MO_01152,MO_01155
MO_01155,MO_01156
MO_01151,MO_01157
MO_01157,MO_01158
MO_01160,MO_01161
MO_01161,MO_01162
MO_01162,MO_01163
MO_01162,MO_01164
MO_01161,MO_01165
MO_01165,MO_01166
MO_01167,MO_01168
MO_01167,MO_01169
MO_01171,MO_01172
MO_01172,MO_01173
MO_01171,MO_01174
MO_01175,MO_01176
MO_01176,MO_01177
MO_01175,MO_01178
MO_01178,MO_01179
MO_01180,MO_01181
MO_01181,MO_01182
MO_01181,MO_01183
MO_01183,MO_01184
MO_01183,MO_01185
MO_01186,MO_01187
MO_01187,MO_01188
MO_01188,MO_01189
MO_01188,MO_01190
MO_01187,MO_01191
MO_01191,MO_01192
MO_01186,MO_01193
MO_01193,MO_01194
MO_01193,MO_01195
MO_01196,MO_01197
MO_01197,MO_01198
MO_01198,MO_01199
MO_01198,MO_01200
MO_01201,MO_01202
MO_01201,MO_01203
MO_01204,MO_01205
MO_01205,MO_01206
MO_01206,MO_01207
MO_01206,MO_01208
MO_01205,MO_01209
MO_01209,MO_01210
MO_01209,MO_01211
MO_01212,MO_01213
MO_01213,MO_01214
MO_01214,MO_01215
MO_01212,MO_01216
MO_01216,MO_01217
MO_01216,MO_01218
MO_01220,MO_01221
MO_01220,MO_01222
MO_01224,MO_01225
MO_01225,MO_01226
MO_01226,MO_01227
MO_01226,MO_01228
MO_01229,MO_01230
MO_01230,MO_01231
MO_01230,MO_01232
MO_01232,MO_01233
MO_01232,MO_01234
MO_01235,MO_01236
MO_01236,MO_01237
MO_01237,MO_01238
MO_01237,MO_01239
MO_01235,MO_01240
MO_01240,MO_01241
MO_01241,MO_01242
MO_01241,MO_01243
MO_01244,MO_01245
MO_01245,MO_01246
MO_01246,MO_01247
MO_01246,MO_01248
MO_01250,MO_01251
MO_01251,MO_01252
MO_01251,MO_01253
MO_01250,MO_01254
MO_01255,MO_01256
MO_01256,MO_01257
MO_01255,MO_01258
MO_01258,MO_01259
MO_01258,MO_01260
MO_01260,MO_01261
MO_01262,MO_01263
MO_01263,MO_01264
MO_01262,MO_01265
MO_01266,MO_01267
MO_01267,MO_01268
MO_01267,MO_01269
MO_01269,MO_01270
MO_01269,MO_01271
MO_01273,MO_01274
MO_01274,MO_01275
MO_01275,MO_01276
MO_01275,MO_01277
MO_01273,MO_01278
MO_01280,MO_01281
MO_01281,MO_01282
MO_01282,MO_01283
MO_01282,MO_01284
MO_01281,MO_01285
MO_01285,MO_01286
MO_01289,MO_01290
MO_01290,MO_01291
MO_01289,MO_01292
MO_01295,MO_01296
MO_01296,MO_01297
MO_01296,MO_01298
MO_01298,MO_01299
MO_01298,MO_01300
MO_01307,MO_01308
MO_01308,MO_01309
MO_01309,MO_01310
MO_01309,MO_01311
MO_01308,MO_01312
MO_01312,MO_01313
MO_01312,MO_01314
MO_01315,MO_01316
MO_01316,MO_01317
MO_01316,MO_01318
MO_01315,MO_01319
MO_01320,MO_01321
MO_01321,MO_01322
MO_01322,MO_01323
MO_01322,MO_01324
MO_01326,MO_01327
MO_01327,MO_01328
MO_01327,MO_01329
MO_01329,MO_01330
MO_01329,MO_01331
MO_01333,MO_01334
MO_01336,MO_01337
MO_01337,MO_01338
MO_01336,MO_01339
MO_01339,MO_01340
MO_01340,MO_01341
MO_01340,MO_01342
MO_01339,MO_01343
MO_01343,MO_01344
MO_01343,MO_01345
MO_01346,MO_01347
MO_01347,MO_01348
MO_01348,MO_01349
MO_01348,MO_01350
MO_01346,MO_01351
MO_01351,MO_01352
MO_01352,MO_01353
MO_01352,MO_01354
MO_01357,MO_01358
MO_01358,MO_01359
MO_01359,MO_01360
MO_01359,MO_01361
MO_01358,MO_01362
MO_01357,MO_01363
MO_01365,MO_01366
MO_01368,MO_01369
MO_01369,MO_01370
MO_01370,MO_01371
MO_01370,MO_01372
MO_01373,MO_01374
MO_01373,MO_01375
MO_01378,MO_01379
MO_01378,MO_01380
MO_01382,MO_01383
MO_01382,MO_01384
MO_01386,MO_01387
MO_01387,MO_01388
MO_01386,MO_01389
MO_01390,MO_01391
MO_01390,MO_01392
MO_01393,MO_01394
MO_01394,MO_01395
MO_01395,MO_01396
MO_01395,MO_01397
MO_01394,MO_01398
MO_01398,MO_01399
MO_01398,MO_01400
MO_01401,MO_01402
MO_01402,MO_01403
MO_01406,MO_01407
MO_01407,MO_01408
MO_01407,MO_01409
MO_01409,MO_01410
MO_01409,MO_01411
MO_01412,MO_01413
MO_01412,MO_01414
MO_01415,MO_01416
MO_01415,MO_01417
MO_01418,MO_01419
MO_01419,MO_01420
MO_01420,MO_01421
MO_01418,MO_01422
MO_01422,MO_01423
MO_01422,MO_01424
MO_01425,MO_01426
MO_01427,MO_01428
MO_01427,MO_01429
MO_01429,MO_01430
MO_01430,MO_01431
MO_01432,MO_01433
MO_01433,MO_01434
MO_01434,MO_01435
MO_01434,MO_01436
MO_01437,MO_01438
MO_01439,MO_01440
MO_01441,MO_01442
MO_01442,MO_01443
MO_01443,MO_01444
MO_01443,MO_01445
MO_01442,MO_01446
MO_01446,MO_01447
MO_01446,MO_01448
MO_01441,MO_01449
MO_01450,MO_01451
MO_01452,MO_01453
MO_01453,MO_01454
MO_01452,MO_01455
MO_01456,MO_01457
MO_01457,MO_01458
MO_01458,MO_01459
MO_01456,MO_01460
MO_01460,MO_01461
MO_01460,MO_01462
MO_01463,MO_01464
MO_01463,MO_01465
MO_01465,MO_01466
MO_01466,MO_01467
MO_01465,MO_01468
MO_01468,MO_01469
MO_01470,MO_01471
MO_01471,MO_01472
MO_01472,MO_01473
MO_01472,MO_01474
MO_01471,MO_01475
MO_01470,MO_01476
MO_01476,MO_01477
MO_01477,MO_01478
MO_01479,MO_01480
MO_01481,MO_01482
MO_01482,MO_01483
MO_01483,MO_01484
MO_01483,MO_01485
MO_01486,MO_01487
MO_01486,MO_01488
MO_01489,MO_01490
MO_01490,MO_01491
MO_01491,MO_01492
MO_01491,MO_01493
MO_01490,MO_01494
MO_01495,MO_01496
MO_01496,MO_01497
MO_01497,MO_01498
MO_01497,MO_01499
MO_01500,MO_01501
MO_01501,MO_01502
MO_01502,MO_01503
MO_01502,MO_01504
MO_01501,MO_01505
MO_01505,MO_01506
MO_01505,MO_01507
MO_01508,MO_01509
MO_01511,MO_01512
MO_01512,MO_01513
MO_01513,MO_01514
MO_01513,MO_01515
MO_01512,MO_01516
MO_01511,MO_01517
MO_01518,MO_01519
MO_01520,MO_01521
MO_01521,MO_01522
MO_01521,MO_01523
MO_01520,MO_01524
MO_01528,MO_01529
MO_01529,MO_01530
MO_01532,MO_01533
MO_01532,MO_01534
MO_01535,MO_01536
MO_01536,MO_01537
MO_01537,MO_01538
MO_01537,MO_01539
MO_01536,MO_01540
MO_01540,MO_01541
MO_01540,MO_01542
MO_01543,MO_01544
MO_01544,MO_01545
MO_01544,MO_01546
MO_01543,MO_01547
MO_01552,MO_01553
MO_01553,MO_01554
MO_01554,MO_01555
MO_01553,MO_01556
MO_01556,MO_01557
MO_01556,MO_01558
MO_01560,MO_01561
MO_01562,MO_01563
MO_01564,MO_01565
MO_01565,MO_01566
MO_01566,MO_01567
MO_01566,MO_01568
MO_01569,MO_01570
MO_01570,MO_01571
MO_01570,MO_01572
MO_01572,MO_01573
MO_01572,MO_01574
MO_01575,MO_01576
MO_01576,MO_01577
MO_01577,MO_01578
MO_01577,MO_01579
MO_01576,MO_01580
MO_01575,MO_01581
MO_01581,MO_01582
MO_01582,MO_01583
MO_01584,MO_01585
MO_01585,MO_01586
MO_01586,MO_01587
MO_01586,MO_01588
MO_01585,MO_01589
MO_01589,MO_01590
MO_01589,MO_01591
MO_01592,MO_01593
MO_01593,MO_01594
MO_01594,MO_01595
MO_01594,MO_01596
MO_01598,MO_01599
MO_01599,MO_01600
MO_01600,MO_01601
MO_01600,MO_01602
MO_01605,MO_01606
MO_01607,MO_01608
MO_01610,MO_01611
MO_01611,MO_01612
MO_01612,MO_01613
MO_01612,MO_01614
MO_01610,MO_01615
MO_01615,MO_01616
MO_01616,MO_01617
MO_01616,MO_01618
MO_01621,MO_01622
MO_01622,MO_01623
MO_01622,MO_01624
MO_01621,MO_01625
MO_01625,MO_01626
MO_01629,MO_01630
MO_01630,MO_01631
MO_01630,MO_01632
MO_01633,MO_01634
MO_01634,MO_01635
MO_01636,MO_01637
MO_01636,MO_01638
MO_01638,MO_01639
MO_01639,MO_01640
MO_01638,MO_01641
MO_01641,MO_01642
MO_01643,MO_01644
MO_01643,MO_01645
MO_01647,MO_01648
MO_01648,MO_01649
MO_01649,MO_01650
MO_01649,MO_01651
MO_01653,MO_01654
MO_01655,MO_01656
MO_01658,MO_01659
MO_01659,MO_01660
MO_01660,MO_01661
MO_01660,MO_01662
MO_01658,MO_01663
MO_01664,MO_01665
MO_01666,MO_01667
MO_01669,MO_01670
MO_01669,MO_01671
MO_01674,MO_01675
MO_01675,MO_01676
MO_01674,MO_01677
MO_01679,MO_01680
MO_01680,MO_01681
MO_01681,MO_01682
MO_01681,MO_01683
MO_01684,MO_01685
MO_01685,MO_01686
MO_01684,MO_01687
MO_01690,MO_01691
MO_01691,MO_01692
MO_01693,MO_01694
MO_01694,MO_01695
MO_01694,MO_01696
MO_01696,MO_01697
MO_01696,MO_01698
MO_01699,MO_01700
MO_01700,MO_01701
MO_01701,MO_01702
MO_01701,MO_01703
MO_01704,MO_01705
MO_01707,MO_01708
MO_01708,MO_01709
MO_01709,MO_01710
MO_01709,MO_01711
MO_01707,MO_01712
MO_01713,MO_01714
MO_01713,MO_01715
MO_01715,MO_01716
MO_01716,MO_01717
MO_01715,MO_01718
MO_01718,MO_01719
MO_01720,MO_01721
MO_01721,MO_01722
MO_01720,MO_01723
MO_01723,MO_01724
MO_01723,MO_01725
MO_01725,MO_01726
MO_01727,MO_01728
MO_01728,MO_01729
MO_01731,MO_01732
MO_01732,MO_01733
MO_01732,MO_01734
MO_01734,MO_01735
MO_01734,MO_01736
MO_01737,MO_01738
MO_01739,MO_01740
MO_01739,MO_01741
MO_01741,MO_01742
MO_01742,MO_01743
MO_01741,MO_01744
MO_01744,MO_01745
MO_01747,MO_01748
MO_01747,MO_01749
MO_01750,MO_01751
MO_01751,MO_01752
MO_01752,MO_01753
MO_01752,MO_01754
MO_01757,MO_01758
MO_01758,MO_01759
MO_01758,MO_01760
MO_01760,MO_01761
MO_01760,MO_01762
MO_01764,MO_01765
MO_01765,MO_01766
MO_01766,MO_01767
MO_01766,MO_01768
MO_01769,MO_01770
MO_01769,MO_01771
MO_01771,MO_01772
MO_01772,MO_01773
MO_01771,MO_01774
MO_01774,MO_01775
MO_01777,MO_01778
MO_01777,MO_01779
MO_01779,MO_01780
MO_01780,MO_01781
MO_01779,MO_01782
MO_01782,MO_01783
MO_01784,MO_01785
MO_01785,MO_01786
MO_01785,MO_01787
MO_01787,MO_01788
MO_01787,MO_01789
MO_01796,MO_01797
MO_01799,MO_01800
MO_01799,MO_01801
MO_01805,MO_01806
MO_01806,MO_01807
MO_01806,MO_01808
MO_01809,MO_01810
MO_01812,MO_01813
MO_01813,MO_01814
MO_01814,MO_01815
MO_01814,MO_01816
MO_01812,MO_01817
MO_01818,MO_01819
MO_01821,MO_01822
MO_01822,MO_01823
MO_01823,MO_01824
MO_01823,MO_01825
MO_01822,MO_01826
MO_01826,MO_01827
MO_01826,MO_01828
MO_01834,MO_01835
MO_01835,MO_01836
MO_01835,MO_01837
MO_01837,MO_01838
MO_01837,MO_01839
MO_01840,MO_01841
MO_01841,MO_01842
MO_01842,MO_01843
MO_01842,MO_01844
MO_01841,MO_01845
MO_01846,MO_01847
MO_01846,MO_01848
MO_01848,MO_01849
MO_01849,MO_01850
MO_01849,MO_01851
MO_01852,MO_01853
MO_01857,MO_01858
MO_01858,MO_01859
MO_01859,MO_01860
MO_01859,MO_01861
MO_01858,MO_01862
MO_01857,MO_01863
MO_01864,MO_01865
MO_01865,MO_01866
MO_01865,MO_01867
MO_01867,MO_01868
MO_01867,MO_01869
MO_01864,MO_01870
MO_01871,MO_01872
MO_01872,MO_01873
MO_01873,MO_01874
MO_01873,MO_01875
MO_01872,MO_01876
MO_01876,MO_01877
MO_01871,MO_01878
MO_01878,MO_01879
MO_01878,MO_01880
MO_01881,MO_01882
MO_01882,MO_01883
MO_01883,MO_01884
MO_01883,MO_01885
MO_01887,MO_01888
MO_01888,MO_01889
MO_01889,MO_01890
MO_01887,MO_01891
MO_01891,MO_01892
MO_01891,MO_01893
MO_01895,MO_01896
MO_01896,MO_01897
MO_01897,MO_01898
MO_01897,MO_01899
MO_01900,MO_01901
MO_01901,MO_01902
MO_01901,MO_01903
MO_01903,MO_01904
MO_01903,MO_01905
MO_01906,MO_01907
MO_01907,MO_01908
MO_01908,MO_01909
MO_01908,MO_01910
MO_01911,MO_01912
MO_01912,MO_01913
MO_01912,MO_01914
MO_01911,MO_01915
MO_01919,MO_01920
MO_01921,MO_01922
MO_01922,MO_01923
MO_01922,MO_01924
MO_01924,MO_01925
MO_01924,MO_01926
MO_01927,MO_01928
MO_01928,MO_01929
MO_01929,MO_01930
MO_01929,MO_01931
MO_01933,MO_01934
MO_01936,MO_01937
MO_01936,MO_01938
MO_01941,MO_01942
MO_01941,MO_01943
MO_01943,MO_01944
MO_01944,MO_01945
MO_01947,MO_01948
MO_01948,MO_01949
MO_01949,MO_01950
MO_01949,MO_01951
MO_01947,MO_01952
MO_01956,MO_01957
MO_01957,MO_01958
MO_01958,MO_01959
MO_01958,MO_01960
MO_01957,MO_01961
MO_01961,MO_01962
MO_01961,MO_01963
MO_01964,MO_01965
MO_01966,MO_01967
MO_01967,MO_01968
MO_01968,MO_01969
MO_01968,MO_01970
MO_01966,MO_01971
MO_01971,MO_01972
MO_01972,MO_01973
MO_01976,MO_01977
MO_01978,MO_01979
MO_01978,MO_01980
MO_01981,MO_01982
MO_01982,MO_01983
MO_01983,MO_01984
MO_01983,MO_01985
MO_01982,MO_01986
MO_01986,MO_01987
MO_01986,MO_01988
MO_01981,MO_01989
MO_01990,MO_01991
MO_01990,MO_01992
MO_01992,MO_01993
MO_01993,MO_01994
MO_01995,MO_01996
MO_01996,MO_01997
MO_01997,MO_01998
MO_01997,MO_01999
MO_01996,MO_02000
MO_02000,MO_02001
MO_02000,MO_02002
MO_02003,MO_02004
MO_02005,MO_02006
MO_02005,MO_02007
MO_02007,MO_02008
MO_02008,MO_02009
MO_02007,MO_02010
MO_02010,MO_02011
MO_02013,MO_02014
MO_02014,MO_02015
MO_02014,MO_02016
MO_02016,MO_02017
MO_02016,MO_02018
MO_02013,MO_02019
MO_02019,MO_02020
MO_02020,MO_02021
MO_02019,MO_02022
MO_02024,MO_02025
MO_02025,MO_02026
MO_02025,MO_02027
MO_02027,MO_02028
MO_02027,MO_02029
MO_02024,MO_02030
MO_02031,MO_02032
MO_02032,MO_02033
MO_02034,MO_02035
MO_02036,MO_02037
MO_02038,MO_02039
MO_02040,MO_02041
MO_02041,MO_02042
MO_02042,MO_02043
MO_02042,MO_02044
MO_02041,MO_02045
MO_02045,MO_02046
MO_02045,MO_02047
MO_02050,MO_02051
MO_02052,MO_02053
MO_02053,MO_02054
MO_02054,MO_02055
MO_02054,MO_02056
MO_02053,MO_02057
MO_02057,MO_02058
MO_02057,MO_02059
MO_02060,MO_02061
MO_02061,MO_02062
MO_02062,MO_02063
MO_02062,MO_02064
MO_02060,MO_02065
MO_02065,MO_02066
MO_02066,MO_02067
MO_02066,MO_02068
MO_02070,MO_02071
MO_02071,MO_02072
MO_02072,MO_02073
MO_02072,MO_02074
MO_02071,MO_02075
MO_02070,MO_02076
MO_02077,MO_02078
MO_02079,MO_02080
MO_02080,MO_02081
MO_02081,MO_02082
MO_02081,MO_02083
MO_02079,MO_02084
MO_02084,MO_02085
MO_02085,MO_02086
MO_02085,MO_02087
MO_02088,MO_02089
MO_02088,MO_02090
MO_02092,MO_02093
MO_02093,MO_02094
MO_02093,MO_02095
MO_02092,MO_02096
MO_02099,MO_02100
MO_02100,MO_02101
MO_02099,MO_02102
MO_02104,MO_02105
MO_02105,MO_02106
MO_02106,MO_02107
MO_02104,MO_02108
MO_02108,MO_02109
MO_02108,MO_02110
MO_02113,MO_02114
MO_02114,MO_02115
MO_02115,MO_02116
MO_02115,MO_02117
MO_02113,MO_02118
MO_02118,MO_02119
MO_02119,MO_02120
MO_02119,MO_02121
MO_02123,MO_02124
MO_02127,MO_02128
MO_02128,MO_02129
MO_02129,MO_02130
MO_02129,MO_02131
MO_02132,MO_02133
MO_02133,MO_02134
MO_02134,MO_02135
MO_02132,MO_02136
MO_02138,MO_02139
MO_02139,MO_02140
MO_02138,MO_02141
MO_02142,MO_02143
MO_02144,MO_02145
MO_02145,MO_02146
MO_02146,MO_02147
MO_02146,MO_02148
MO_02151,MO_02152
MO_02155,MO_02156
MO_02156,MO_02157
MO_02156,MO_02158
MO_02158,MO_02159
MO_02158,MO_02160
MO_02161,MO_02162
MO_02165,MO_02166
MO_02166,MO_02167
MO_02167,MO_02168
MO_02167,MO_02169
MO_02166,MO_02170
MO_02165,MO_02171
MO_02172,MO_02173
MO_02173,MO_02174
MO_02174,MO_02175
MO_02174,MO_02176
MO_02177,MO_02178
MO_02179,MO_02180
MO_02179,MO_02181
MO_02181,MO_02182
MO_02182,MO_02183
MO_02185,MO_02186
MO_02185,MO_02187
MO_02187,MO_02188
MO_02188,MO_02189
MO_02191,MO_02192
MO_02193,MO_02194
MO_02194,MO_02195
MO_02195,MO_02196
MO_02193,MO_02197
MO_02197,MO_02198
MO_02197,MO_02199
MO_02201,MO_02202
MO_02203,MO_02204
MO_02204,MO_02205
MO_02204,MO_02206
MO_02206,MO_02207
MO_02206,MO_02208
MO_02209,MO_02210
MO_02211,MO_02212
MO_02212,MO_02213
MO_02212,MO_02214
MO_02214,MO_02215
MO_02214,MO_02216
MO_02217,MO_02218
MO_02220,MO_02221
MO_02221,MO_02222
MO_02222,MO_02223
MO_02222,MO_02224
MO_02225,MO_02226
MO_02226,MO_02227
MO_02227,MO_02228
MO_02227,MO_02229
MO_02230,MO_02231
MO_02231,MO_02232
MO_02231,MO_02233
MO_02230,MO_02234
MO_02235,MO_02236
MO_02235,MO_02237
MO_02237,MO_02238
MO_02238,MO_02239
MO_02237,MO_02240
MO_02240,MO_02241
MO_02243,MO_02244
MO_02244,MO_02245
MO_02244,MO_02246
MO_02246,MO_02247
MO_02246,MO_02248
MO_02249,MO_02250
MO_02250,MO_02251
MO_02251,MO_02252
MO_02251,MO_02253
MO_02250,MO_02254
MO_02254,MO_02255
MO_02258,MO_02259
MO_02260,MO_02261
MO_02262,MO_02263
MO_02262,MO_02264
MO_02264,MO_02265
MO_02265,MO_02266
MO_02265,MO_02267
MO_02272,MO_02273
MO_02273,MO_02274
MO_02273,MO_02275
MO_02275,MO_02276
MO_02275,MO_02277
MO_02282,MO_02283
MO_02284,MO_02285
MO_02285,MO_02286
MO_02285,MO_02287
MO_02287,MO_02288
MO_02287,MO_02289
MO_02290,MO_02291
MO_02291,MO_02292
MO_02291,MO_02293
MO_02290,MO_02294
MO_02295,MO_02296
MO_02295,MO_02297
MO_02299,MO_02300
MO_02300,MO_02301
MO_02301,MO_02302
MO_02299,MO_02303
MO_02306,MO_02307
MO_02307,MO_02308
MO_02308,MO_02309
MO_02308,MO_02310
MO_02306,MO_02311
MO_02311,MO_02312
MO_02312,MO_02313
MO_02312,MO_02314
MO_02315,MO_02316
MO_02316,MO_02317
MO_02317,MO_02318
MO_02317,MO_02319
MO_02320,MO_02321
MO_02320,MO_02322
MO_02322,MO_02323
MO_02323,MO_02324
MO_02322,MO_02325
MO_02325,MO_02326
MO_02328,MO_02329
MO_02328,MO_02330
MO_02330,MO_02331
MO_02331,MO_02332
MO_02330,MO_02333
MO_02333,MO_02334
MO_02335,MO_02336
MO_02338,MO_02339
MO_02340,MO_02341
MO_02341,MO_02342
MO_02342,MO_02343
MO_02342,MO_02344
MO_02345,MO_02346
MO_02345,MO_02347
MO_02348,MO_02349
MO_02349,MO_02350
MO_02348,MO_02351
MO_02352,MO_02353
MO_02353,MO_02354
MO_02354,MO_02355
MO_02354,MO_02356
MO_02352,MO_02357
MO_02357,MO_02358
MO_02358,MO_02359
MO_02358,MO_02360
MO_02362,MO_02363
MO_02363,MO_02364
MO_02364,MO_02365
MO_02364,MO_02366
MO_02362,MO_02367
MO_02367,MO_02368
MO_02368,MO_02369
MO_02372,MO_02373
MO_02373,MO_02374
MO_02374,MO_02375
MO_02374,MO_02376
MO_02373,MO_02377
MO_02377,MO_02378
MO_02377,MO_02379
MO_02380,MO_02381
MO_02381,MO_02382
MO_02381,MO_02383
MO_02380,MO_02384
MO_02386,MO_02387
MO_02387,MO_02388
MO_02387,MO_02389
MO_02389,MO_02390
MO_02389,MO_02391
MO_02393,MO_02394
MO_02393,MO_02395
MO_02395,MO_02396
MO_02396,MO_02397
MO_02401,MO_02402
MO_02402,MO_02403
MO_02401,MO_02404
MO_02405,MO_02406
MO_02406,MO_02407
MO_02406,MO_02408
MO_02408,MO_02409
MO_02408,MO_02410
MO_02411,MO_02412
MO_02412,MO_02413
MO_02413,MO_02414
MO_02413,MO_02415
MO_02412,MO_02416
MO_02416,MO_02417
MO_02416,MO_02418
MO_02420,MO_02421
MO_02421,MO_02422
MO_02422,MO_02423
MO_02422,MO_02424
MO_02425,MO_02426
MO_02426,MO_02427
MO_02427,MO_02428
MO_02427,MO_02429
MO_02430,MO_02431
MO_02431,MO_02432
MO_02432,MO_02433
MO_02432,MO_02434
MO_02431,MO_02435
MO_02430,MO_02436
MO_02437,MO_02438
MO_02438,MO_02439
MO_02438,MO_02440
MO_02440,MO_02441
MO_02440,MO_02442
MO_02444,MO_02445
MO_02444,MO_02446
MO_02446,MO_02447
MO_02447,MO_02448
MO_02449,MO_02450
MO_02450,MO_02451
MO_02449,MO_02452
MO_02453,MO_02454
MO_02454,MO_02455
MO_02455,MO_02456
MO_02454,MO_02457
MO_02457,MO_02458
MO_02453,MO_02459
MO_02459,MO_02460
MO_02461,MO_02462
MO_02462,MO_02463
MO_02462,MO_02464
MO_02465,MO_02466
MO_02466,MO_02467
MO_02466,MO_02468
MO_02468,MO_02469
MO_02468,MO_02470
MO_02471,MO_02472
MO_02472,MO_02473
MO_02473,MO_02474
MO_02473,MO_02475
MO_02476,MO_02477
MO_02478,MO_02479
MO_02480,MO_02481
MO_02480,MO_02482
MO_02482,MO_02483
MO_02483,MO_02484
MO_02482,MO_02485
MO_02485,MO_02486
MO_02487,MO_02488
MO_02488,MO_02489
MO_02489,MO_02490
MO_02489,MO_02491
MO_02494,MO_02495
MO_02495,MO_02496
MO_02496,MO_02497
MO_02496,MO_02498
MO_02495,MO_02499
MO_02494,MO_02500
MO_02500,MO_02501
MO_02501,MO_02502
MO_02501,MO_02503
MO_02504,MO_02505
MO_02505,MO_02506
MO_02506,MO_02507
MO_02506,MO_02508
MO_02504,MO_02509
MO_02509,MO_02510
MO_02510,MO_02511
MO_02510,MO_02512
MO_02514,MO_02515
MO_02514,MO_02516
MO_02516,MO_02517
MO_02517,MO_02518
MO_02517,MO_02519
MO_02520,MO_02521
MO_02520,MO_02522
MO_02523,MO_02524
MO_02524,MO_02525
MO_02524,MO_02526
MO_02526,MO_02527
MO_02526,MO_02528
MO_02530,MO_02531
MO_02533,MO_02534
MO_02536,MO_02537
MO_02536,MO_02538
MO_02538,MO_02539
MO_02539,MO_02540
MO_02538,MO_02541
MO_02541,MO_02542
MO_02543,MO_02544
MO_02544,MO_02545
MO_02543,MO_02546
MO_02548,MO_02549
MO_02549,MO_02550
MO_02550,MO_02551
MO_02550,MO_02552
MO_02554,MO_02555
MO_02555,MO_02556
MO_02556,MO_02557
MO_02556,MO_02558
MO_02559,MO_02560
MO_02560,MO_02561
MO_02560,MO_02562
MO_02562,MO_02563
MO_02562,MO_02564
MO_02566,MO_02567
MO_02566,MO_02568
MO_02568,MO_02569
MO_02569,MO_02570
MO_02568,MO_02571
MO_02571,MO_02572
MO_02575,MO_02576
MO_02576,MO_02577
MO_02577,MO_02578
MO_02577,MO_02579
MO_02580,MO_02581
MO_02580,MO_02582
MO_02582,MO_02583
MO_02583,MO_02584
MO_02586,MO_02587
MO_02590,MO_02591
MO_02591,MO_02592
MO_02592,MO_02593
MO_02592,MO_02594
MO_02590,MO_02595
MO_02596,MO_02597
MO_02596,MO_02598
MO_02599,MO_02600
MO_02601,MO_02602
MO_02601,MO_02603
MO_02604,MO_02605
MO_02605,MO_02606
MO_02606,MO_02607
MO_02606,MO_02608
MO_02604,MO_02609
MO_02609,MO_02610
MO_02610,MO_02611
MO_02610,MO_02612
MO_02613,MO_02614
MO_02615,MO_02616
MO_02616,MO_02617
MO_02617,MO_02618
MO_02617,MO_02619
MO_02616,MO_02620
MO_02620,MO_02621
MO_02620,MO_02622
MO_02615,MO_02623
MO_02624,MO_02625
MO_02624,MO_02626
MO_02627,MO_02628
MO_02628,MO_02629
MO_02629,MO_02630
MO_02629,MO_02631
MO_02628,MO_02632
MO_02632,MO_02633
MO_02632,MO_02634
MO_02635,MO_02636
MO_02637,MO_02638
MO_02641,MO_02642
MO_02642,MO_02643
MO_02643,MO_02644
MO_02642,MO_02645
MO_02645,MO_02646
MO_02645,MO_02647
MO_02641,MO_02648
MO_02650,MO_02651
MO_02651,MO_02652
MO_02650,MO_02653
MO_02654,MO_02655
MO_02655,MO_02656
MO_02656,MO_02657
MO_02658,MO_02659
MO_02659,MO_02660
MO_02660,MO_02661
MO_02660,MO_02662
MO_02663,MO_02664
MO_02664,MO_02665
MO_02665,MO_02666
MO_02664,MO_02667
MO_02663,MO_02668
MO_02668,MO_02669
MO_02668,MO_02670
MO_02670,MO_02671
MO_02670,MO_02672
MO_02673,MO_02674
MO_02673,MO_02675
MO_02675,MO_02676
MO_02676,MO_02677
MO_02678,MO_02679
MO_02686,MO_02687
MO_02687,MO_02688
MO_02686,MO_02689
MO_02689,MO_02690
MO_02689,MO_02691
MO_02691,MO_02692
MO_02693,MO_02694
MO_02694,MO_02695
MO_02695,MO_02696
MO_02695,MO_02697
MO_02693,MO_02698
MO_02698,MO_02699
MO_02699,MO_02700
MO_02701,MO_02702
MO_02702,MO_02703
MO_02703,MO_02704
MO_02703,MO_02705
MO_02706,MO_02707
MO_02706,MO_02708
MO_02709,MO_02710
MO_02710,MO_02711
MO_02711,MO_02712
MO_02711,MO_02713
MO_02716,MO_02717
MO_02717,MO_02718
MO_02716,MO_02719
MO_02720,MO_02721
MO_02721,MO_02722
MO_02722,MO_02723
MO_02722,MO_02724
MO_02720,MO_02725
MO_02728,MO_02729
MO_02729,MO_02730
MO_02729,MO_02731
MO_02731,MO_02732
MO_02731,MO_02733
MO_02734,MO_02735
MO_02736,MO_02737
MO_02737,MO_02738
MO_02738,MO_02739
MO_02738,MO_02740
MO_02741,MO_02742
MO_02742,MO_02743
MO_02742,MO_02744
MO_02744,MO_02745
MO_02744,MO_02746
MO_02750,MO_02751
MO_02751,MO_02752
MO_02752,MO_02753
MO_02752,MO_02754
MO_02755,MO_02756
MO_02757,MO_02758
MO_02758,MO_02759
MO_02758,MO_02760
MO_02757,MO_02761
MO_02761,MO_02762
MO_02763,MO_02764
MO_02764,MO_02765
MO_02765,MO_02766
MO_02765,MO_02767
MO_02768,MO_02769
MO_02769,MO_02770
MO_02773,MO_02774
MO_02773,MO_02775
MO_02775,MO_02776
MO_02776,MO_02777
MO_02778,MO_02779
MO_02780,MO_02781
MO_02781,MO_02782
MO_02782,MO_02783
MO_02782,MO_02784
MO_02785,MO_02786
MO_02785,MO_02787
MO_02788,MO_02789
MO_02788,MO_02790
MO_02792,MO_02793
MO_02792,MO_02794
MO_02794,MO_02795
MO_02795,MO_02796
MO_02794,MO_02797
MO_02797,MO_02798
MO_02799,MO_02800
MO_02800,MO_02801
MO_02801,MO_02802
MO_02801,MO_02803
MO_02799,MO_02804
MO_02804,MO_02805
MO_02805,MO_02806
MO_02805,MO_02807
MO_02808,MO_02809
MO_02811,MO_02812
MO_02812,MO_02813
MO_02813,MO_02814
MO_02813,MO_02815
MO_02816,MO_02817
MO_02819,MO_02820
MO_02820,MO_02821
MO_02820,MO_02822
MO_02819,MO_02823
MO_02824,MO_02825
MO_02824,MO_02826
MO_02826,MO_02827
MO_02827,MO_02828
MO_02829,MO_02830
MO_02830,MO_02831
MO_02831,MO_02832
MO_02831,MO_02833
MO_02830,MO_02834
MO_02834,MO_02835
MO_02834,MO_02836
MO_02837,MO_02838
MO_02839,MO_02840
MO_02839,MO_02841
MO_02841,MO_02842
MO_02842,MO_02843
MO_02844,MO_02845
MO_02844,MO_02846
MO_02846,MO_02847
MO_02847,MO_02848
MO_02846,MO_02849
MO_02849,MO_02850
MO_02852,MO_02853
MO_02853,MO_02854
MO_02854,MO_02855
MO_02853,MO_02856
MO_02852,MO_02857
MO_02857,MO_02858
MO_02858,MO_02859
MO_02858,MO_02860
MO_02864,MO_02865
MO_02865,MO_02866
MO_02865,MO_02867
MO_02867,MO_02868
MO_02867,MO_02869
MO_02870,MO_02871
MO_02870,MO_02872
MO_02874,MO_02875
MO_02875,MO_02876
MO_02875,MO_02877
MO_02877,MO_02878
MO_02877,MO_02879
MO_02880,MO_02881
MO_02882,MO_02883
MO_02883,MO_02884
MO_02885,MO_02886
MO_02886,MO_02887
MO_02887,MO_02888
MO_02887,MO_02889
MO_02885,MO_02890
MO_02891,MO_02892
MO_02891,MO_02893
MO_02895,MO_02896
MO_02897,MO_02898
MO_02898,MO_02899
MO_02899,MO_02900
MO_02898,MO_02901
MO_02901,MO_02902
MO_02901,MO_02903
MO_02904,MO_02905
MO_02905,MO_02906
MO_02906,MO_02907
MO_02906,MO_02908
MO_02911,MO_02912
MO_02912,MO_02913
MO_02913,MO_02914
MO_02913,MO_02915
MO_02912,MO_02916
MO_02916,MO_02917
MO_02916,MO_02918
MO_02921,MO_02922
MO_02923,MO_02924
MO_02923,MO_02925
MO_02926,MO_02927
MO_02928,MO_02929
MO_02929,MO_02930
MO_02930,MO_02931
MO_02930,MO_02932
MO_02935,MO_02936
MO_02936,MO_02937
MO_02936,MO_02938
MO_02938,MO_02939
MO_02938,MO_02940
MO_02941,MO_02942
MO_02942,MO_02943
MO_02942,MO_02944
MO_02944,MO_02945
MO_02944,MO_02946
MO_02950,MO_02951
MO_02952,MO_02953
MO_02953,MO_02954
MO_02954,MO_02955
MO_02954,MO_02956
MO_02958,MO_02959
MO_02959,MO_02960
MO_02960,MO_02961
MO_02960,MO_02962
MO_02963,MO_02964
MO_02964,MO_02965
MO_02964,MO_02966
MO_02966,MO_02967
MO_02966,MO_02968
MO_02970,MO_02971
MO_02971,MO_02972
MO_02970,MO_02973
MO_02973,MO_02974
MO_02974,MO_02975
MO_02974,MO_02976
MO_02973,MO_02977
MO_02977,MO_02978
MO_02977,MO_02979
MO_02980,MO_02981
MO_02982,MO_02983
MO_02983,MO_02984
MO_02984,MO_02985
MO_02984,MO_02986
MO_02983,MO_02987
MO_02987,MO_02988
MO_02982,MO_02989
MO_02989,MO_02990
MO_02990,MO_02991
MO_02990,MO_02992
MO_02994,MO_02995
MO_02995,MO_02996
MO_02996,MO_02997
MO_02996,MO_02998
MO_02994,MO_02999
MO_02999,MO_03000
MO_03000,MO_03001
MO_03000,MO_03002
MO_03003,MO_03004
MO_03004,MO_03005
MO_03004,MO_03006
MO_03006,MO_03007
MO_03006,MO_03008
MO_03009,MO_03010
MO_03010,MO_03011
MO_03011,MO_03012
MO_03011,MO_03013
MO_03014,MO_03015
MO_03015,MO_03016
MO_03016,MO_03017
MO_03016,MO_03018
MO_03015,MO_03019
MO_03019,MO_03020
MO_03019,MO_03021
MO_03022,MO_03023
MO_03023,MO_03024
MO_03024,MO_03025
MO_03024,MO_03026
MO_03023,MO_03027
MO_03027,MO_03028
MO_03022,MO_03029
MO_03029,MO_03030
MO_03030,MO_03031
MO_03030,MO_03032
MO_03034,MO_03035
MO_03035,MO_03036
MO_03036,MO_03037
MO_03036,MO_03038
MO_03039,MO_03040
MO_03040,MO_03041
MO_03041,MO_03042
MO_03041,MO_03043
MO_03039,MO_03044
MO_03045,MO_03046
MO_03046,MO_03047
MO_03046,MO_03048
MO_03048,MO_03049
MO_03048,MO_03050
MO_03051,MO_03052
MO_03052,MO_03053
MO_03053,MO_03054
MO_03053,MO_03055
MO_03051,MO_03056
MO_03057,MO_03058
MO_03058,MO_03059
MO_03058,MO_03060
MO_03057,MO_03061
MO_03061,MO_03062
MO_03064,MO_03065
MO_03065,MO_03066
MO_03064,MO_03067
MO_03068,MO_03069
MO_03069,MO_03070
MO_03070,MO_03071
MO_03069,MO_03072
MO_03072,MO_03073
MO_03074,MO_03075
MO_03075,MO_03076
MO_03076,MO_03077
MO_03076,MO_03078
MO_03079,MO_03080
MO_03080,MO_03081
MO_03080,MO_03082
MO_03082,MO_03083
MO_03082,MO_03084
MO_03085,MO_03086
MO_03088,MO_03089
MO_03088,MO_03090
MO_03090,MO_03091
MO_03091,MO_03092
MO_03090,MO_03093
MO_03093,MO_03094
MO_03096,MO_03097
MO_03097,MO_03098
MO_03098,MO_03099
MO_03098,MO_03100
MO_03096,MO_03101
MO_03101,MO_03102
MO_03102,MO_03103
MO_03102,MO_03104
MO_03106,MO_03107
MO_03108,MO_03109
MO_03108,MO_03110
MO_03110,MO_03111
MO_03111,MO_03112
MO_03110,MO_03113
MO_03113,MO_03114
MO_03115,MO_03116
MO_03115,MO_03117
MO_03117,MO_03118
MO_03118,MO_03119
MO_03118,MO_03120
MO_03117,MO_03121
MO_03121,MO_03122
MO_03121,MO_03123
MO_03125,MO_03126
MO_03125,MO_03127
MO_03127,MO_03128
MO_03128,MO_03129
MO_03131,MO_03132
MO_03132,MO_03133
MO_03132,MO_03134
MO_03131,MO_03135
MO_03137,MO_03138
MO_03137,MO_03139
MO_03139,MO_03140
MO_03140,MO_03141
MO_03139,MO_03142
MO_03142,MO_03143
MO_03145,MO_03146
MO_03146,MO_03147
MO_03145,MO_03148
MO_03149,MO_03150
MO_03149,MO_03151
MO_03151,MO_03152
MO_03152,MO_03153
MO_03154,MO_03155
MO_03156,MO_03157
MO_03156,MO_03158
MO_03159,MO_03160
MO_03160,MO_03161
MO_03161,MO_03162
MO_03161,MO_03163
MO_03160,MO_03164
MO_03164,MO_03165
MO_03159,MO_03166
MO_03166,MO_03167
MO_03166,MO_03168
MO_03169,MO_03170
MO_03171,MO_03172
MO_03172,MO_03173
MO_03173,MO_03174
MO_03173,MO_03175
MO_03171,MO_03176
MO_03176,MO_03177
MO_03177,MO_03178
MO_03177,MO_03179
MO_03180,MO_03181
MO_03183,MO_03184
MO_03185,MO_03186
MO_03187,MO_03188
MO_03187,MO_03189
MO_03189,MO_03190
MO_03190,MO_03191
MO_03190,MO_03192
MO_03193,MO_03194
MO_03195,MO_03196
MO_03196,MO_03197
MO_03196,MO_03198
MO_03195,MO_03199
MO_03201,MO_03202
MO_03202,MO_03203
MO_03202,MO_03204
MO_03204,MO_03205
MO_03204,MO_03206
MO_03211,MO_03212
MO_03212,MO_03213
MO_03211,MO_03214
MO_03215,MO_03216
MO_03216,MO_03217
MO_03216,MO_03218
MO_03218,MO_03219
MO_03218,MO_03220
MO_03222,MO_03223
MO_03223,MO_03224
MO_03223,MO_03225
MO_03225,MO_03226
MO_03225,MO_03227
MO_03228,MO_03229
MO_03228,MO_03230
MO_03230,MO_03231
MO_03231,MO_03232
MO_03230,MO_03233
MO_03233,MO_03234
MO_03235,MO_03236
MO_03236,MO_03237
MO_03240,MO_03241
MO_03241,MO_03242
MO_03242,MO_03243
MO_03240,MO_03244
MO_03244,MO_03245
MO_03244,MO_03246
MO_03247,MO_03248
MO_03248,MO_03249
MO_03248,MO_03250
MO_03247,MO_03251
MO_03253,MO_03254
MO_03256,MO_03257
MO_03257,MO_03258
MO_03257,MO_03259
MO_03256,MO_03260
MO_03262,MO_03263
MO_03263,MO_03264
MO_03264,MO_03265
MO_03262,MO_03266
MO_03266,MO_03267
MO_03266,MO_03268
MO_03269,MO_03270
MO_03271,MO_03272
MO_03272,MO_03273
MO_03273,MO_03274
MO_03273,MO_03275
MO_03271,MO_03276
MO_03276,MO_03277
MO_03277,MO_03278
MO_03277,MO_03279
MO_03280,MO_03281
MO_03281,MO_03282
MO_03282,MO_03283
MO_03282,MO_03284
MO_03281,MO_03285
MO_03285,MO_03286
MO_03288,MO_03289
MO_03291,MO_03292
MO_03296,MO_03297
MO_03297,MO_03298
MO_03298,MO_03299
MO_03298,MO_03300
MO_03301,MO_03302
MO_03302,MO_03303
MO_03302,MO_03304
MO_03305,MO_03306
MO_03308,MO_03309
MO_03309,MO_03310
MO_03310,MO_03311
MO_03310,MO_03312
MO_03308,MO_03313
MO_03313,MO_03314
MO_03314,MO_03315
MO_03313,MO_03316
MO_03316,MO_03317
MO_03319,MO_03320
MO_03320,MO_03321
MO_03320,MO_03322
MO_03322,MO_03323
MO_03322,MO_03324
MO_03325,MO_03326
MO_03327,MO_03328
MO_03327,MO_03329
MO_03329,MO_03330
MO_03330,MO_03331
MO_03329,MO_03332
MO_03332,MO_03333
MO_03334,MO_03335
MO_03335,MO_03336
MO_03336,MO_03337
MO_03336,MO_03338
MO_03335,MO_03339
MO_03334,MO_03340
MO_03341,MO_03342
MO_03342,MO_03343
MO_03343,MO_03344
MO_03343,MO_03345
MO_03342,MO_03346
MO_03346,MO_03347
MO_03346,MO_03348
MO_03350,MO_03351
MO_03351,MO_03352
MO_03352,MO_03353
MO_03350,MO_03354
MO_03354,MO_03355
MO_03356,MO_03357
MO_03357,MO_03358
MO_03357,MO_03359
MO_03359,MO_03360
MO_03359,MO_03361
MO_03362,MO_03363
MO_03362,MO_03364
MO_03364,MO_03365
MO_03365,MO_03366
MO_03367,MO_03368
MO_03367,MO_03369
MO_03369,MO_03370
MO_03370,MO_03371
MO_03369,MO_03372
MO_03372,MO_03373
MO_03374,MO_03375
MO_03374,MO_03376
MO_03376,MO_03377
MO_03377,MO_03378
MO_03379,MO_03380
MO_03380,MO_03381
MO_03381,MO_03382
MO_03381,MO_03383
MO_03379,MO_03384
MO_03385,MO_03386
MO_03391,MO_03392
MO_03391,MO_03393
MO_03395,MO_03396
MO_03397,MO_03398
MO_03399,MO_03400
MO_03402,MO_03403
MO_03403,MO_03404
MO_03404,MO_03405
MO_03404,MO_03406
MO_03402,MO_03407
MO_03407,MO_03408
MO_03408,MO_03409
MO_03411,MO_03412
MO_03412,MO_03413
MO_03412,MO_03414
MO_03411,MO_03415
MO_03415,MO_03416
MO_03417,MO_03418
MO_03417,MO_03419
MO_03419,MO_03420
MO_03420,MO_03421
MO_03419,MO_03422
MO_03422,MO_03423
MO_03424,MO_03425
MO_03425,MO_03426
MO_03426,MO_03427
MO_03426,MO_03428
MO_03425,MO_03429
MO_03429,MO_03430
MO_03429,MO_03431
MO_03424,MO_03432
MO_03433,MO_03434
MO_03433,MO_03435
MO_03435,MO_03436
MO_03436,MO_03437
MO_03438,MO_03439
MO_03438,MO_03440
MO_03440,MO_03441
MO_03441,MO_03442
MO_03441,MO_03443
MO_03440,MO_03444
MO_03444,MO_03445
MO_03446,MO_03447
MO_03446,MO_03448
MO_03448,MO_03449
MO_03449,MO_03450
MO_03449,MO_03451
MO_03452,MO_03453
MO_03453,MO_03454
MO_03454,MO_03455
MO_03454,MO_03456
MO_03452,MO_03457
MO_03459,MO_03460
MO_03460,MO_03461
MO_03461,MO_03462
MO_03461,MO_03463
MO_03460,MO_03464
MO_03459,MO_03465
MO_03466,MO_03467
MO_03468,MO_03469
MO_03470,MO_03471
MO_03472,MO_03473
MO_03473,MO_03474
MO_03474,MO_03475
MO_03474,MO_03476
MO_03472,MO_03477
MO_03477,MO_03478
MO_03478,MO_03479
MO_03478,MO_03480
MO_03482,MO_03483
MO_03483,MO_03484
MO_03484,MO_03485
MO_03484,MO_03486
MO_03489,MO_03490
MO_03490,MO_03491
MO_03491,MO_03492
MO_03491,MO_03493
MO_03489,MO_03494
MO_03499,MO_03500
MO_03500,MO_03501
MO_03501,MO_03502
MO_03501,MO_03503
MO_03500,MO_03504
MO_03505,MO_03506
MO_03506,MO_03507
MO_03507,MO_03508
MO_03507,MO_03509
MO_03505,MO_03510
MO_03510,MO_03511
MO_03511,MO_03512
MO_03511,MO_03513
MO_03514,MO_03515
MO_03514,MO_03516
MO_03516,MO_03517
MO_03517,MO_03518
MO_03519,MO_03520
MO_03520,MO_03521
MO_03520,MO_03522
MO_03522,MO_03523
MO_03522,MO_03524
MO_03526,MO_03527
MO_03527,MO_03528
MO_03527,MO_03529
MO_03526,MO_03530
MO_03531,MO_03532
MO_03534,MO_03535
MO_03537,MO_03538
MO_03538,MO_03539
MO_03538,MO_03540
MO_03540,MO_03541
MO_03540,MO_03542
MO_03544,MO_03545
MO_03545,MO_03546
MO_03544,MO_03547
